company_name,ticker,sector,kpi,period_start,period_end,period,estimate_type,value,unit,as_of
Acme E-commerce,ACME,E-commerce,ASP ($),1/1/2022,3/31/2022,2022Q1,historical,128.67,$,
Acme E-commerce,ACME,E-commerce,ASP ($),4/1/2022,6/30/2022,2022Q2,historical,141.8,$,
Acme E-commerce,ACME,E-commerce,ASP ($),7/1/2022,9/30/2022,2022Q3,historical,151.66,$,
Acme E-commerce,ACME,E-commerce,ASP ($),10/1/2022,12/31/2022,2022Q4,historical,173.83,$,
Acme E-commerce,ACME,E-commerce,ASP ($),1/1/2023,3/31/2023,2023Q1,historical,133.16,$,
Acme E-commerce,ACME,E-commerce,ASP ($),4/1/2023,6/30/2023,2023Q2,historical,151.12,$,
Acme E-commerce,ACME,E-commerce,ASP ($),7/1/2023,9/30/2023,2023Q3,historical,166.16,$,
Acme E-commerce,ACME,E-commerce,ASP ($),10/1/2023,12/31/2023,2023Q4,historical,193.85,$,
Acme E-commerce,ACME,E-commerce,ASP ($),1/1/2024,3/31/2024,2024Q1,historical,144.05,$,
Acme E-commerce,ACME,E-commerce,ASP ($),4/1/2024,6/30/2024,2024Q2,historical,160.61,$,
Acme E-commerce,ACME,E-commerce,ASP ($),7/1/2024,9/30/2024,2024Q3,historical,173.75,$,
Acme E-commerce,ACME,E-commerce,ASP ($),10/1/2024,12/31/2024,2024Q4,historical,196.47,$,
Acme E-commerce,ACME,E-commerce,ASP ($),1/1/2025,3/31/2025,2025Q1,historical,153.8,$,
Acme E-commerce,ACME,E-commerce,ASP ($),4/1/2025,6/30/2025,2025Q2,historical,164.83,$,
Acme E-commerce,ACME,E-commerce,ASP ($),7/1/2025,9/30/2025,2025Q3,historical,178.58,$,
Acme E-commerce,ACME,E-commerce,ASP ($),10/1/2025,12/31/2025,2025Q4,historical,220.2,$,
Acme E-commerce,ACME,E-commerce,ASP ($),1/1/2026,3/31/2026,2026Q1,qtd,162.95,$,1/31/2026
Acme E-commerce,ACME,E-commerce,ASP ($),1/1/2026,3/31/2026,2026Q1,qtd,169.64,$,2/15/2026
Acme E-commerce,ACME,E-commerce,ASP ($),1/1/2026,3/31/2026,2026Q1,qtd,163.41,$,2/28/2026
Acme E-commerce,ACME,E-commerce,ASP ($),1/1/2026,3/31/2026,2026Q1,qtd,164.22,$,3/15/2026
Acme E-commerce,ACME,E-commerce,Global Net Added Subscribers,1/1/2022,3/31/2022,2022Q1,historical,747790,subs,
Acme E-commerce,ACME,E-commerce,Global Net Added Subscribers,4/1/2022,6/30/2022,2022Q2,historical,890402,subs,
Acme E-commerce,ACME,E-commerce,Global Net Added Subscribers,7/1/2022,9/30/2022,2022Q3,historical,881322,subs,
Acme E-commerce,ACME,E-commerce,Global Net Added Subscribers,10/1/2022,12/31/2022,2022Q4,historical,954301,subs,
Acme E-commerce,ACME,E-commerce,Global Net Added Subscribers,1/1/2023,3/31/2023,2023Q1,historical,814213,subs,
Acme E-commerce,ACME,E-commerce,Global Net Added Subscribers,4/1/2023,6/30/2023,2023Q2,historical,870418,subs,
Acme E-commerce,ACME,E-commerce,Global Net Added Subscribers,7/1/2023,9/30/2023,2023Q3,historical,898079,subs,
Acme E-commerce,ACME,E-commerce,Global Net Added Subscribers,10/1/2023,12/31/2023,2023Q4,historical,1000470,subs,
Acme E-commerce,ACME,E-commerce,Global Net Added Subscribers,1/1/2024,3/31/2024,2024Q1,historical,805449,subs,
Acme E-commerce,ACME,E-commerce,Global Net Added Subscribers,4/1/2024,6/30/2024,2024Q2,historical,946226,subs,
Acme E-commerce,ACME,E-commerce,Global Net Added Subscribers,7/1/2024,9/30/2024,2024Q3,historical,940227,subs,
Acme E-commerce,ACME,E-commerce,Global Net Added Subscribers,10/1/2024,12/31/2024,2024Q4,historical,962111,subs,
Acme E-commerce,ACME,E-commerce,Global Net Added Subscribers,1/1/2025,3/31/2025,2025Q1,historical,830831,subs,
Acme E-commerce,ACME,E-commerce,Global Net Added Subscribers,4/1/2025,6/30/2025,2025Q2,historical,956727,subs,
Acme E-commerce,ACME,E-commerce,Global Net Added Subscribers,7/1/2025,9/30/2025,2025Q3,historical,964241,subs,
Acme E-commerce,ACME,E-commerce,Global Net Added Subscribers,10/1/2025,12/31/2025,2025Q4,historical,1040440,subs,
Acme E-commerce,ACME,E-commerce,Global Net Added Subscribers,1/1/2026,3/31/2026,2026Q1,qtd,285339,subs,1/31/2026
Acme E-commerce,ACME,E-commerce,Global Net Added Subscribers,1/1/2026,3/31/2026,2026Q1,qtd,426207,subs,2/15/2026
Acme E-commerce,ACME,E-commerce,Global Net Added Subscribers,1/1/2026,3/31/2026,2026Q1,qtd,566414,subs,2/28/2026
Acme E-commerce,ACME,E-commerce,Global Net Added Subscribers,1/1/2026,3/31/2026,2026Q1,qtd,706107,subs,3/15/2026
Acme E-commerce,ACME,E-commerce,Total Revenue ($MM),1/1/2022,3/31/2022,2022Q1,historical,522.84,$MM,
Acme E-commerce,ACME,E-commerce,Total Revenue ($MM),4/1/2022,6/30/2022,2022Q2,historical,663.62,$MM,
Acme E-commerce,ACME,E-commerce,Total Revenue ($MM),7/1/2022,9/30/2022,2022Q3,historical,731.83,$MM,
Acme E-commerce,ACME,E-commerce,Total Revenue ($MM),10/1/2022,12/31/2022,2022Q4,historical,995.88,$MM,
Acme E-commerce,ACME,E-commerce,Total Revenue ($MM),1/1/2023,3/31/2023,2023Q1,historical,594.16,$MM,
Acme E-commerce,ACME,E-commerce,Total Revenue ($MM),4/1/2023,6/30/2023,2023Q2,historical,743.05,$MM,
Acme E-commerce,ACME,E-commerce,Total Revenue ($MM),7/1/2023,9/30/2023,2023Q3,historical,862.44,$MM,
Acme E-commerce,ACME,E-commerce,Total Revenue ($MM),10/1/2023,12/31/2023,2023Q4,historical,1203.51,$MM,
Acme E-commerce,ACME,E-commerce,Total Revenue ($MM),1/1/2024,3/31/2024,2024Q1,historical,694.74,$MM,
Acme E-commerce,ACME,E-commerce,Total Revenue ($MM),4/1/2024,6/30/2024,2024Q2,historical,823.14,$MM,
Acme E-commerce,ACME,E-commerce,Total Revenue ($MM),7/1/2024,9/30/2024,2024Q3,historical,923.63,$MM,
Acme E-commerce,ACME,E-commerce,Total Revenue ($MM),10/1/2024,12/31/2024,2024Q4,historical,1241.68,$MM,
Acme E-commerce,ACME,E-commerce,Total Revenue ($MM),1/1/2025,3/31/2025,2025Q1,historical,741.54,$MM,
Acme E-commerce,ACME,E-commerce,Total Revenue ($MM),4/1/2025,6/30/2025,2025Q2,historical,908.36,$MM,
Acme E-commerce,ACME,E-commerce,Total Revenue ($MM),7/1/2025,9/30/2025,2025Q3,historical,1052.19,$MM,
Acme E-commerce,ACME,E-commerce,Total Revenue ($MM),10/1/2025,12/31/2025,2025Q4,historical,1508.28,$MM,
Acme E-commerce,ACME,E-commerce,Total Revenue ($MM),1/1/2026,3/31/2026,2026Q1,qtd,291.41,$MM,1/31/2026
Acme E-commerce,ACME,E-commerce,Total Revenue ($MM),1/1/2026,3/31/2026,2026Q1,qtd,435.27,$MM,2/15/2026
Acme E-commerce,ACME,E-commerce,Total Revenue ($MM),1/1/2026,3/31/2026,2026Q1,qtd,578.46,$MM,2/28/2026
Acme E-commerce,ACME,E-commerce,Total Revenue ($MM),1/1/2026,3/31/2026,2026Q1,qtd,721.12,$MM,3/15/2026
Acme E-commerce,ACME,E-commerce,U.S. Net Added Subscribers,1/1/2022,3/31/2022,2022Q1,historical,58499,subs,
Acme E-commerce,ACME,E-commerce,U.S. Net Added Subscribers,4/1/2022,6/30/2022,2022Q2,historical,68878,subs,
Acme E-commerce,ACME,E-commerce,U.S. Net Added Subscribers,7/1/2022,9/30/2022,2022Q3,historical,70536,subs,
Acme E-commerce,ACME,E-commerce,U.S. Net Added Subscribers,10/1/2022,12/31/2022,2022Q4,historical,76619,subs,
Acme E-commerce,ACME,E-commerce,U.S. Net Added Subscribers,1/1/2023,3/31/2023,2023Q1,historical,62565,subs,
Acme E-commerce,ACME,E-commerce,U.S. Net Added Subscribers,4/1/2023,6/30/2023,2023Q2,historical,67714,subs,
Acme E-commerce,ACME,E-commerce,U.S. Net Added Subscribers,7/1/2023,9/30/2023,2023Q3,historical,69528,subs,
Acme E-commerce,ACME,E-commerce,U.S. Net Added Subscribers,10/1/2023,12/31/2023,2023Q4,historical,81509,subs,
Acme E-commerce,ACME,E-commerce,U.S. Net Added Subscribers,1/1/2024,3/31/2024,2024Q1,historical,64704,subs,
Acme E-commerce,ACME,E-commerce,U.S. Net Added Subscribers,4/1/2024,6/30/2024,2024Q2,historical,76167,subs,
Acme E-commerce,ACME,E-commerce,U.S. Net Added Subscribers,7/1/2024,9/30/2024,2024Q3,historical,73951,subs,
Acme E-commerce,ACME,E-commerce,U.S. Net Added Subscribers,10/1/2024,12/31/2024,2024Q4,historical,75602,subs,
Acme E-commerce,ACME,E-commerce,U.S. Net Added Subscribers,1/1/2025,3/31/2025,2025Q1,historical,64922,subs,
Acme E-commerce,ACME,E-commerce,U.S. Net Added Subscribers,4/1/2025,6/30/2025,2025Q2,historical,77206,subs,
Acme E-commerce,ACME,E-commerce,U.S. Net Added Subscribers,7/1/2025,9/30/2025,2025Q3,historical,76395,subs,
Acme E-commerce,ACME,E-commerce,U.S. Net Added Subscribers,10/1/2025,12/31/2025,2025Q4,historical,84464,subs,
Acme E-commerce,ACME,E-commerce,U.S. Net Added Subscribers,1/1/2026,3/31/2026,2026Q1,qtd,21973,subs,1/31/2026
Acme E-commerce,ACME,E-commerce,U.S. Net Added Subscribers,1/1/2026,3/31/2026,2026Q1,qtd,32820,subs,2/15/2026
Acme E-commerce,ACME,E-commerce,U.S. Net Added Subscribers,1/1/2026,3/31/2026,2026Q1,qtd,43617,subs,2/28/2026
Acme E-commerce,ACME,E-commerce,U.S. Net Added Subscribers,1/1/2026,3/31/2026,2026Q1,qtd,54374,subs,3/15/2026
Acme E-commerce,ACME,E-commerce,Units Sold,1/1/2022,3/31/2022,2022Q1,historical,4063492,units,
Acme E-commerce,ACME,E-commerce,Units Sold,4/1/2022,6/30/2022,2022Q2,historical,4679953,units,
Acme E-commerce,ACME,E-commerce,Units Sold,7/1/2022,9/30/2022,2022Q3,historical,4825593,units,
Acme E-commerce,ACME,E-commerce,Units Sold,10/1/2022,12/31/2022,2022Q4,historical,5728926,units,
Acme E-commerce,ACME,E-commerce,Units Sold,1/1/2023,3/31/2023,2023Q1,historical,4462070,units,
Acme E-commerce,ACME,E-commerce,Units Sold,4/1/2023,6/30/2023,2023Q2,historical,4916969,units,
Acme E-commerce,ACME,E-commerce,Units Sold,7/1/2023,9/30/2023,2023Q3,historical,5190507,units,
Acme E-commerce,ACME,E-commerce,Units Sold,10/1/2023,12/31/2023,2023Q4,historical,6208344,units,
Acme E-commerce,ACME,E-commerce,Units Sold,1/1/2024,3/31/2024,2024Q1,historical,4822834,units,
Acme E-commerce,ACME,E-commerce,Units Sold,4/1/2024,6/30/2024,2024Q2,historical,5124929,units,
Acme E-commerce,ACME,E-commerce,Units Sold,7/1/2024,9/30/2024,2024Q3,historical,5315854,units,
Acme E-commerce,ACME,E-commerce,Units Sold,10/1/2024,12/31/2024,2024Q4,historical,6320107,units,
Acme E-commerce,ACME,E-commerce,Units Sold,1/1/2025,3/31/2025,2025Q1,historical,4821346,units,
Acme E-commerce,ACME,E-commerce,Units Sold,4/1/2025,6/30/2025,2025Q2,historical,5510912,units,
Acme E-commerce,ACME,E-commerce,Units Sold,7/1/2025,9/30/2025,2025Q3,historical,5891925,units,
Acme E-commerce,ACME,E-commerce,Units Sold,10/1/2025,12/31/2025,2025Q4,historical,6849644,units,
Acme E-commerce,ACME,E-commerce,Units Sold,1/1/2026,3/31/2026,2026Q1,qtd,1763430,units,1/31/2026
Acme E-commerce,ACME,E-commerce,Units Sold,1/1/2026,3/31/2026,2026Q1,qtd,2634009,units,2/15/2026
Acme E-commerce,ACME,E-commerce,Units Sold,1/1/2026,3/31/2026,2026Q1,qtd,3500503,units,2/28/2026
Acme E-commerce,ACME,E-commerce,Units Sold,1/1/2026,3/31/2026,2026Q1,qtd,4363822,units,3/15/2026
EduX Online Learning,EDUX,EdTech,ASP ($),1/1/2022,3/31/2022,2022Q1,historical,30.17,$,
EduX Online Learning,EDUX,EdTech,ASP ($),4/1/2022,6/30/2022,2022Q2,historical,31.79,$,
EduX Online Learning,EDUX,EdTech,ASP ($),7/1/2022,9/30/2022,2022Q3,historical,34.07,$,
EduX Online Learning,EDUX,EdTech,ASP ($),10/1/2022,12/31/2022,2022Q4,historical,34.73,$,
EduX Online Learning,EDUX,EdTech,ASP ($),1/1/2023,3/31/2023,2023Q1,historical,31.17,$,
EduX Online Learning,EDUX,EdTech,ASP ($),4/1/2023,6/30/2023,2023Q2,historical,33.94,$,
EduX Online Learning,EDUX,EdTech,ASP ($),7/1/2023,9/30/2023,2023Q3,historical,34.62,$,
EduX Online Learning,EDUX,EdTech,ASP ($),10/1/2023,12/31/2023,2023Q4,historical,36.53,$,
EduX Online Learning,EDUX,EdTech,ASP ($),1/1/2024,3/31/2024,2024Q1,historical,31.79,$,
EduX Online Learning,EDUX,EdTech,ASP ($),4/1/2024,6/30/2024,2024Q2,historical,34.3,$,
EduX Online Learning,EDUX,EdTech,ASP ($),7/1/2024,9/30/2024,2024Q3,historical,36.67,$,
EduX Online Learning,EDUX,EdTech,ASP ($),10/1/2024,12/31/2024,2024Q4,historical,39.16,$,
EduX Online Learning,EDUX,EdTech,ASP ($),1/1/2025,3/31/2025,2025Q1,historical,32.18,$,
EduX Online Learning,EDUX,EdTech,ASP ($),4/1/2025,6/30/2025,2025Q2,historical,36.5,$,
EduX Online Learning,EDUX,EdTech,ASP ($),7/1/2025,9/30/2025,2025Q3,historical,39.5,$,
EduX Online Learning,EDUX,EdTech,ASP ($),10/1/2025,12/31/2025,2025Q4,historical,39.09,$,
EduX Online Learning,EDUX,EdTech,ASP ($),1/1/2026,3/31/2026,2026Q1,qtd,33.87,$,1/31/2026
EduX Online Learning,EDUX,EdTech,ASP ($),1/1/2026,3/31/2026,2026Q1,qtd,34.95,$,2/15/2026
EduX Online Learning,EDUX,EdTech,ASP ($),1/1/2026,3/31/2026,2026Q1,qtd,34.08,$,2/28/2026
EduX Online Learning,EDUX,EdTech,ASP ($),1/1/2026,3/31/2026,2026Q1,qtd,34.78,$,3/15/2026
EduX Online Learning,EDUX,EdTech,Global Net Added Subscribers,1/1/2022,3/31/2022,2022Q1,historical,456508,subs,
EduX Online Learning,EDUX,EdTech,Global Net Added Subscribers,4/1/2022,6/30/2022,2022Q2,historical,534823,subs,
EduX Online Learning,EDUX,EdTech,Global Net Added Subscribers,7/1/2022,9/30/2022,2022Q3,historical,654297,subs,
EduX Online Learning,EDUX,EdTech,Global Net Added Subscribers,10/1/2022,12/31/2022,2022Q4,historical,618994,subs,
EduX Online Learning,EDUX,EdTech,Global Net Added Subscribers,1/1/2023,3/31/2023,2023Q1,historical,474530,subs,
EduX Online Learning,EDUX,EdTech,Global Net Added Subscribers,4/1/2023,6/30/2023,2023Q2,historical,589397,subs,
EduX Online Learning,EDUX,EdTech,Global Net Added Subscribers,7/1/2023,9/30/2023,2023Q3,historical,673554,subs,
EduX Online Learning,EDUX,EdTech,Global Net Added Subscribers,10/1/2023,12/31/2023,2023Q4,historical,657108,subs,
EduX Online Learning,EDUX,EdTech,Global Net Added Subscribers,1/1/2024,3/31/2024,2024Q1,historical,546429,subs,
EduX Online Learning,EDUX,EdTech,Global Net Added Subscribers,4/1/2024,6/30/2024,2024Q2,historical,622073,subs,
EduX Online Learning,EDUX,EdTech,Global Net Added Subscribers,7/1/2024,9/30/2024,2024Q3,historical,709778,subs,
EduX Online Learning,EDUX,EdTech,Global Net Added Subscribers,10/1/2024,12/31/2024,2024Q4,historical,745834,subs,
EduX Online Learning,EDUX,EdTech,Global Net Added Subscribers,1/1/2025,3/31/2025,2025Q1,historical,532093,subs,
EduX Online Learning,EDUX,EdTech,Global Net Added Subscribers,4/1/2025,6/30/2025,2025Q2,historical,621876,subs,
EduX Online Learning,EDUX,EdTech,Global Net Added Subscribers,7/1/2025,9/30/2025,2025Q3,historical,714335,subs,
EduX Online Learning,EDUX,EdTech,Global Net Added Subscribers,10/1/2025,12/31/2025,2025Q4,historical,790616,subs,
EduX Online Learning,EDUX,EdTech,Global Net Added Subscribers,1/1/2026,3/31/2026,2026Q1,qtd,196361,subs,1/31/2026
EduX Online Learning,EDUX,EdTech,Global Net Added Subscribers,1/1/2026,3/31/2026,2026Q1,qtd,295914,subs,2/15/2026
EduX Online Learning,EDUX,EdTech,Global Net Added Subscribers,1/1/2026,3/31/2026,2026Q1,qtd,377776,subs,2/28/2026
EduX Online Learning,EDUX,EdTech,Global Net Added Subscribers,1/1/2026,3/31/2026,2026Q1,qtd,490353,subs,3/15/2026
EduX Online Learning,EDUX,EdTech,Total Revenue ($MM),1/1/2022,3/31/2022,2022Q1,historical,171.54,$MM,
EduX Online Learning,EDUX,EdTech,Total Revenue ($MM),4/1/2022,6/30/2022,2022Q2,historical,192.9,$MM,
EduX Online Learning,EDUX,EdTech,Total Revenue ($MM),7/1/2022,9/30/2022,2022Q3,historical,224.68,$MM,
EduX Online Learning,EDUX,EdTech,Total Revenue ($MM),10/1/2022,12/31/2022,2022Q4,historical,236.47,$MM,
EduX Online Learning,EDUX,EdTech,Total Revenue ($MM),1/1/2023,3/31/2023,2023Q1,historical,189.77,$MM,
EduX Online Learning,EDUX,EdTech,Total Revenue ($MM),4/1/2023,6/30/2023,2023Q2,historical,225.99,$MM,
EduX Online Learning,EDUX,EdTech,Total Revenue ($MM),7/1/2023,9/30/2023,2023Q3,historical,255.28,$MM,
EduX Online Learning,EDUX,EdTech,Total Revenue ($MM),10/1/2023,12/31/2023,2023Q4,historical,280.3,$MM,
EduX Online Learning,EDUX,EdTech,Total Revenue ($MM),1/1/2024,3/31/2024,2024Q1,historical,216.75,$MM,
EduX Online Learning,EDUX,EdTech,Total Revenue ($MM),4/1/2024,6/30/2024,2024Q2,historical,238.41,$MM,
EduX Online Learning,EDUX,EdTech,Total Revenue ($MM),7/1/2024,9/30/2024,2024Q3,historical,288.49,$MM,
EduX Online Learning,EDUX,EdTech,Total Revenue ($MM),10/1/2024,12/31/2024,2024Q4,historical,320.11,$MM,
EduX Online Learning,EDUX,EdTech,Total Revenue ($MM),1/1/2025,3/31/2025,2025Q1,historical,224.17,$MM,
EduX Online Learning,EDUX,EdTech,Total Revenue ($MM),4/1/2025,6/30/2025,2025Q2,historical,287.09,$MM,
EduX Online Learning,EDUX,EdTech,Total Revenue ($MM),7/1/2025,9/30/2025,2025Q3,historical,341.89,$MM,
EduX Online Learning,EDUX,EdTech,Total Revenue ($MM),10/1/2025,12/31/2025,2025Q4,historical,349.15,$MM,
EduX Online Learning,EDUX,EdTech,Total Revenue ($MM),1/1/2026,3/31/2026,2026Q1,qtd,89.01,$MM,1/31/2026
EduX Online Learning,EDUX,EdTech,Total Revenue ($MM),1/1/2026,3/31/2026,2026Q1,qtd,134.14,$MM,2/15/2026
EduX Online Learning,EDUX,EdTech,Total Revenue ($MM),1/1/2026,3/31/2026,2026Q1,qtd,171.25,$MM,2/28/2026
EduX Online Learning,EDUX,EdTech,Total Revenue ($MM),1/1/2026,3/31/2026,2026Q1,qtd,222.28,$MM,3/15/2026
EduX Online Learning,EDUX,EdTech,U.S. Net Added Subscribers,1/1/2022,3/31/2022,2022Q1,historical,187847,subs,
EduX Online Learning,EDUX,EdTech,U.S. Net Added Subscribers,4/1/2022,6/30/2022,2022Q2,historical,231775,subs,
EduX Online Learning,EDUX,EdTech,U.S. Net Added Subscribers,7/1/2022,9/30/2022,2022Q3,historical,275014,subs,
EduX Online Learning,EDUX,EdTech,U.S. Net Added Subscribers,10/1/2022,12/31/2022,2022Q4,historical,262628,subs,
EduX Online Learning,EDUX,EdTech,U.S. Net Added Subscribers,1/1/2023,3/31/2023,2023Q1,historical,197415,subs,
EduX Online Learning,EDUX,EdTech,U.S. Net Added Subscribers,4/1/2023,6/30/2023,2023Q2,historical,254692,subs,
EduX Online Learning,EDUX,EdTech,U.S. Net Added Subscribers,7/1/2023,9/30/2023,2023Q3,historical,283729,subs,
EduX Online Learning,EDUX,EdTech,U.S. Net Added Subscribers,10/1/2023,12/31/2023,2023Q4,historical,274545,subs,
EduX Online Learning,EDUX,EdTech,U.S. Net Added Subscribers,1/1/2024,3/31/2024,2024Q1,historical,225156,subs,
EduX Online Learning,EDUX,EdTech,U.S. Net Added Subscribers,4/1/2024,6/30/2024,2024Q2,historical,269015,subs,
EduX Online Learning,EDUX,EdTech,U.S. Net Added Subscribers,7/1/2024,9/30/2024,2024Q3,historical,289828,subs,
EduX Online Learning,EDUX,EdTech,U.S. Net Added Subscribers,10/1/2024,12/31/2024,2024Q4,historical,314011,subs,
EduX Online Learning,EDUX,EdTech,U.S. Net Added Subscribers,1/1/2025,3/31/2025,2025Q1,historical,231150,subs,
EduX Online Learning,EDUX,EdTech,U.S. Net Added Subscribers,4/1/2025,6/30/2025,2025Q2,historical,251951,subs,
EduX Online Learning,EDUX,EdTech,U.S. Net Added Subscribers,7/1/2025,9/30/2025,2025Q3,historical,299684,subs,
EduX Online Learning,EDUX,EdTech,U.S. Net Added Subscribers,10/1/2025,12/31/2025,2025Q4,historical,322187,subs,
EduX Online Learning,EDUX,EdTech,U.S. Net Added Subscribers,1/1/2026,3/31/2026,2026Q1,qtd,84929,subs,1/31/2026
EduX Online Learning,EDUX,EdTech,U.S. Net Added Subscribers,1/1/2026,3/31/2026,2026Q1,qtd,127987,subs,2/15/2026
EduX Online Learning,EDUX,EdTech,U.S. Net Added Subscribers,1/1/2026,3/31/2026,2026Q1,qtd,163393,subs,2/28/2026
EduX Online Learning,EDUX,EdTech,U.S. Net Added Subscribers,1/1/2026,3/31/2026,2026Q1,qtd,212085,subs,3/15/2026
EduX Online Learning,EDUX,EdTech,Units Sold,1/1/2022,3/31/2022,2022Q1,historical,5685223,units,
EduX Online Learning,EDUX,EdTech,Units Sold,4/1/2022,6/30/2022,2022Q2,historical,6067966,units,
EduX Online Learning,EDUX,EdTech,Units Sold,7/1/2022,9/30/2022,2022Q3,historical,6594982,units,
EduX Online Learning,EDUX,EdTech,Units Sold,10/1/2022,12/31/2022,2022Q4,historical,6808193,units,
EduX Online Learning,EDUX,EdTech,Units Sold,1/1/2023,3/31/2023,2023Q1,historical,6087763,units,
EduX Online Learning,EDUX,EdTech,Units Sold,4/1/2023,6/30/2023,2023Q2,historical,6658356,units,
EduX Online Learning,EDUX,EdTech,Units Sold,7/1/2023,9/30/2023,2023Q3,historical,7373427,units,
EduX Online Learning,EDUX,EdTech,Units Sold,10/1/2023,12/31/2023,2023Q4,historical,7672201,units,
EduX Online Learning,EDUX,EdTech,Units Sold,1/1/2024,3/31/2024,2024Q1,historical,6817882,units,
EduX Online Learning,EDUX,EdTech,Units Sold,4/1/2024,6/30/2024,2024Q2,historical,6950835,units,
EduX Online Learning,EDUX,EdTech,Units Sold,7/1/2024,9/30/2024,2024Q3,historical,7867916,units,
EduX Online Learning,EDUX,EdTech,Units Sold,10/1/2024,12/31/2024,2024Q4,historical,8173480,units,
EduX Online Learning,EDUX,EdTech,Units Sold,1/1/2025,3/31/2025,2025Q1,historical,6966266,units,
EduX Online Learning,EDUX,EdTech,Units Sold,4/1/2025,6/30/2025,2025Q2,historical,7865239,units,
EduX Online Learning,EDUX,EdTech,Units Sold,7/1/2025,9/30/2025,2025Q3,historical,8655802,units,
EduX Online Learning,EDUX,EdTech,Units Sold,10/1/2025,12/31/2025,2025Q4,historical,8932916,units,
EduX Online Learning,EDUX,EdTech,Units Sold,1/1/2026,3/31/2026,2026Q1,qtd,2582335,units,1/31/2026
EduX Online Learning,EDUX,EdTech,Units Sold,1/1/2026,3/31/2026,2026Q1,qtd,3891555,units,2/15/2026
EduX Online Learning,EDUX,EdTech,Units Sold,1/1/2026,3/31/2026,2026Q1,qtd,4968119,units,2/28/2026
EduX Online Learning,EDUX,EdTech,Units Sold,1/1/2026,3/31/2026,2026Q1,qtd,6448616,units,3/15/2026
FinX Payments,FINX,Fintech,ASP ($),1/1/2022,3/31/2022,2022Q1,historical,102.22,$,
FinX Payments,FINX,Fintech,ASP ($),4/1/2022,6/30/2022,2022Q2,historical,107.81,$,
FinX Payments,FINX,Fintech,ASP ($),7/1/2022,9/30/2022,2022Q3,historical,106.91,$,
FinX Payments,FINX,Fintech,ASP ($),10/1/2022,12/31/2022,2022Q4,historical,119.78,$,
FinX Payments,FINX,Fintech,ASP ($),1/1/2023,3/31/2023,2023Q1,historical,104.11,$,
FinX Payments,FINX,Fintech,ASP ($),4/1/2023,6/30/2023,2023Q2,historical,112.21,$,
FinX Payments,FINX,Fintech,ASP ($),7/1/2023,9/30/2023,2023Q3,historical,110.55,$,
FinX Payments,FINX,Fintech,ASP ($),10/1/2023,12/31/2023,2023Q4,historical,122.71,$,
FinX Payments,FINX,Fintech,ASP ($),1/1/2024,3/31/2024,2024Q1,historical,108.71,$,
FinX Payments,FINX,Fintech,ASP ($),4/1/2024,6/30/2024,2024Q2,historical,113.87,$,
FinX Payments,FINX,Fintech,ASP ($),7/1/2024,9/30/2024,2024Q3,historical,115.2,$,
FinX Payments,FINX,Fintech,ASP ($),10/1/2024,12/31/2024,2024Q4,historical,125.34,$,
FinX Payments,FINX,Fintech,ASP ($),1/1/2025,3/31/2025,2025Q1,historical,116.07,$,
FinX Payments,FINX,Fintech,ASP ($),4/1/2025,6/30/2025,2025Q2,historical,119.68,$,
FinX Payments,FINX,Fintech,ASP ($),7/1/2025,9/30/2025,2025Q3,historical,119.87,$,
FinX Payments,FINX,Fintech,ASP ($),10/1/2025,12/31/2025,2025Q4,historical,128.67,$,
FinX Payments,FINX,Fintech,ASP ($),1/1/2026,3/31/2026,2026Q1,qtd,117.5,$,1/31/2026
FinX Payments,FINX,Fintech,ASP ($),1/1/2026,3/31/2026,2026Q1,qtd,118.68,$,2/15/2026
FinX Payments,FINX,Fintech,ASP ($),1/1/2026,3/31/2026,2026Q1,qtd,117.53,$,2/28/2026
FinX Payments,FINX,Fintech,ASP ($),1/1/2026,3/31/2026,2026Q1,qtd,119.41,$,3/15/2026
FinX Payments,FINX,Fintech,Global Net Added Subscribers,1/1/2022,3/31/2022,2022Q1,historical,391960,subs,
FinX Payments,FINX,Fintech,Global Net Added Subscribers,4/1/2022,6/30/2022,2022Q2,historical,413569,subs,
FinX Payments,FINX,Fintech,Global Net Added Subscribers,7/1/2022,9/30/2022,2022Q3,historical,418481,subs,
FinX Payments,FINX,Fintech,Global Net Added Subscribers,10/1/2022,12/31/2022,2022Q4,historical,440853,subs,
FinX Payments,FINX,Fintech,Global Net Added Subscribers,1/1/2023,3/31/2023,2023Q1,historical,445920,subs,
FinX Payments,FINX,Fintech,Global Net Added Subscribers,4/1/2023,6/30/2023,2023Q2,historical,459521,subs,
FinX Payments,FINX,Fintech,Global Net Added Subscribers,7/1/2023,9/30/2023,2023Q3,historical,447714,subs,
FinX Payments,FINX,Fintech,Global Net Added Subscribers,10/1/2023,12/31/2023,2023Q4,historical,497829,subs,
FinX Payments,FINX,Fintech,Global Net Added Subscribers,1/1/2024,3/31/2024,2024Q1,historical,464403,subs,
FinX Payments,FINX,Fintech,Global Net Added Subscribers,4/1/2024,6/30/2024,2024Q2,historical,463947,subs,
FinX Payments,FINX,Fintech,Global Net Added Subscribers,7/1/2024,9/30/2024,2024Q3,historical,470519,subs,
FinX Payments,FINX,Fintech,Global Net Added Subscribers,10/1/2024,12/31/2024,2024Q4,historical,522911,subs,
FinX Payments,FINX,Fintech,Global Net Added Subscribers,1/1/2025,3/31/2025,2025Q1,historical,486489,subs,
FinX Payments,FINX,Fintech,Global Net Added Subscribers,4/1/2025,6/30/2025,2025Q2,historical,485598,subs,
FinX Payments,FINX,Fintech,Global Net Added Subscribers,7/1/2025,9/30/2025,2025Q3,historical,484683,subs,
FinX Payments,FINX,Fintech,Global Net Added Subscribers,10/1/2025,12/31/2025,2025Q4,historical,546274,subs,
FinX Payments,FINX,Fintech,Global Net Added Subscribers,1/1/2026,3/31/2026,2026Q1,qtd,164892,subs,1/31/2026
FinX Payments,FINX,Fintech,Global Net Added Subscribers,1/1/2026,3/31/2026,2026Q1,qtd,243195,subs,2/15/2026
FinX Payments,FINX,Fintech,Global Net Added Subscribers,1/1/2026,3/31/2026,2026Q1,qtd,308628,subs,2/28/2026
FinX Payments,FINX,Fintech,Global Net Added Subscribers,1/1/2026,3/31/2026,2026Q1,qtd,395167,subs,3/15/2026
FinX Payments,FINX,Fintech,Total Revenue ($MM),1/1/2022,3/31/2022,2022Q1,historical,437.6,$MM,
FinX Payments,FINX,Fintech,Total Revenue ($MM),4/1/2022,6/30/2022,2022Q2,historical,498.33,$MM,
FinX Payments,FINX,Fintech,Total Revenue ($MM),7/1/2022,9/30/2022,2022Q3,historical,505.78,$MM,
FinX Payments,FINX,Fintech,Total Revenue ($MM),10/1/2022,12/31/2022,2022Q4,historical,585.5,$MM,
FinX Payments,FINX,Fintech,Total Revenue ($MM),1/1/2023,3/31/2023,2023Q1,historical,467.57,$MM,
FinX Payments,FINX,Fintech,Total Revenue ($MM),4/1/2023,6/30/2023,2023Q2,historical,570.17,$MM,
FinX Payments,FINX,Fintech,Total Revenue ($MM),7/1/2023,9/30/2023,2023Q3,historical,557.14,$MM,
FinX Payments,FINX,Fintech,Total Revenue ($MM),10/1/2023,12/31/2023,2023Q4,historical,681.68,$MM,
FinX Payments,FINX,Fintech,Total Revenue ($MM),1/1/2024,3/31/2024,2024Q1,historical,537.53,$MM,
FinX Payments,FINX,Fintech,Total Revenue ($MM),4/1/2024,6/30/2024,2024Q2,historical,609.88,$MM,
FinX Payments,FINX,Fintech,Total Revenue ($MM),7/1/2024,9/30/2024,2024Q3,historical,653.34,$MM,
FinX Payments,FINX,Fintech,Total Revenue ($MM),10/1/2024,12/31/2024,2024Q4,historical,716.68,$MM,
FinX Payments,FINX,Fintech,Total Revenue ($MM),1/1/2025,3/31/2025,2025Q1,historical,650.77,$MM,
FinX Payments,FINX,Fintech,Total Revenue ($MM),4/1/2025,6/30/2025,2025Q2,historical,680.75,$MM,
FinX Payments,FINX,Fintech,Total Revenue ($MM),7/1/2025,9/30/2025,2025Q3,historical,739.37,$MM,
FinX Payments,FINX,Fintech,Total Revenue ($MM),10/1/2025,12/31/2025,2025Q4,historical,820.92,$MM,
FinX Payments,FINX,Fintech,Total Revenue ($MM),1/1/2026,3/31/2026,2026Q1,qtd,241.86,$MM,1/31/2026
FinX Payments,FINX,Fintech,Total Revenue ($MM),1/1/2026,3/31/2026,2026Q1,qtd,356.72,$MM,2/15/2026
FinX Payments,FINX,Fintech,Total Revenue ($MM),1/1/2026,3/31/2026,2026Q1,qtd,452.7,$MM,2/28/2026
FinX Payments,FINX,Fintech,Total Revenue ($MM),1/1/2026,3/31/2026,2026Q1,qtd,579.63,$MM,3/15/2026
FinX Payments,FINX,Fintech,U.S. Net Added Subscribers,1/1/2022,3/31/2022,2022Q1,historical,183997,subs,
FinX Payments,FINX,Fintech,U.S. Net Added Subscribers,4/1/2022,6/30/2022,2022Q2,historical,194070,subs,
FinX Payments,FINX,Fintech,U.S. Net Added Subscribers,7/1/2022,9/30/2022,2022Q3,historical,207386,subs,
FinX Payments,FINX,Fintech,U.S. Net Added Subscribers,10/1/2022,12/31/2022,2022Q4,historical,214470,subs,
FinX Payments,FINX,Fintech,U.S. Net Added Subscribers,1/1/2023,3/31/2023,2023Q1,historical,215258,subs,
FinX Payments,FINX,Fintech,U.S. Net Added Subscribers,4/1/2023,6/30/2023,2023Q2,historical,215107,subs,
FinX Payments,FINX,Fintech,U.S. Net Added Subscribers,7/1/2023,9/30/2023,2023Q3,historical,214336,subs,
FinX Payments,FINX,Fintech,U.S. Net Added Subscribers,10/1/2023,12/31/2023,2023Q4,historical,231281,subs,
FinX Payments,FINX,Fintech,U.S. Net Added Subscribers,1/1/2024,3/31/2024,2024Q1,historical,218431,subs,
FinX Payments,FINX,Fintech,U.S. Net Added Subscribers,4/1/2024,6/30/2024,2024Q2,historical,218749,subs,
FinX Payments,FINX,Fintech,U.S. Net Added Subscribers,7/1/2024,9/30/2024,2024Q3,historical,232378,subs,
FinX Payments,FINX,Fintech,U.S. Net Added Subscribers,10/1/2024,12/31/2024,2024Q4,historical,257745,subs,
FinX Payments,FINX,Fintech,U.S. Net Added Subscribers,1/1/2025,3/31/2025,2025Q1,historical,227281,subs,
FinX Payments,FINX,Fintech,U.S. Net Added Subscribers,4/1/2025,6/30/2025,2025Q2,historical,224857,subs,
FinX Payments,FINX,Fintech,U.S. Net Added Subscribers,7/1/2025,9/30/2025,2025Q3,historical,237935,subs,
FinX Payments,FINX,Fintech,U.S. Net Added Subscribers,10/1/2025,12/31/2025,2025Q4,historical,272604,subs,
FinX Payments,FINX,Fintech,U.S. Net Added Subscribers,1/1/2026,3/31/2026,2026Q1,qtd,77861,subs,1/31/2026
FinX Payments,FINX,Fintech,U.S. Net Added Subscribers,1/1/2026,3/31/2026,2026Q1,qtd,114835,subs,2/15/2026
FinX Payments,FINX,Fintech,U.S. Net Added Subscribers,1/1/2026,3/31/2026,2026Q1,qtd,145732,subs,2/28/2026
FinX Payments,FINX,Fintech,U.S. Net Added Subscribers,1/1/2026,3/31/2026,2026Q1,qtd,186595,subs,3/15/2026
FinX Payments,FINX,Fintech,Units Sold,1/1/2022,3/31/2022,2022Q1,historical,4281011,units,
FinX Payments,FINX,Fintech,Units Sold,4/1/2022,6/30/2022,2022Q2,historical,4622427,units,
FinX Payments,FINX,Fintech,Units Sold,7/1/2022,9/30/2022,2022Q3,historical,4730904,units,
FinX Payments,FINX,Fintech,Units Sold,10/1/2022,12/31/2022,2022Q4,historical,4888178,units,
FinX Payments,FINX,Fintech,Units Sold,1/1/2023,3/31/2023,2023Q1,historical,4491282,units,
FinX Payments,FINX,Fintech,Units Sold,4/1/2023,6/30/2023,2023Q2,historical,5081491,units,
FinX Payments,FINX,Fintech,Units Sold,7/1/2023,9/30/2023,2023Q3,historical,5039778,units,
FinX Payments,FINX,Fintech,Units Sold,10/1/2023,12/31/2023,2023Q4,historical,5555223,units,
FinX Payments,FINX,Fintech,Units Sold,1/1/2024,3/31/2024,2024Q1,historical,4944451,units,
FinX Payments,FINX,Fintech,Units Sold,4/1/2024,6/30/2024,2024Q2,historical,5355808,units,
FinX Payments,FINX,Fintech,Units Sold,7/1/2024,9/30/2024,2024Q3,historical,5671220,units,
FinX Payments,FINX,Fintech,Units Sold,10/1/2024,12/31/2024,2024Q4,historical,5717662,units,
FinX Payments,FINX,Fintech,Units Sold,1/1/2025,3/31/2025,2025Q1,historical,5606666,units,
FinX Payments,FINX,Fintech,Units Sold,4/1/2025,6/30/2025,2025Q2,historical,5687922,units,
FinX Payments,FINX,Fintech,Units Sold,7/1/2025,9/30/2025,2025Q3,historical,6168182,units,
FinX Payments,FINX,Fintech,Units Sold,10/1/2025,12/31/2025,2025Q4,historical,6380250,units,
FinX Payments,FINX,Fintech,Units Sold,1/1/2026,3/31/2026,2026Q1,qtd,2068271,units,1/31/2026
FinX Payments,FINX,Fintech,Units Sold,1/1/2026,3/31/2026,2026Q1,qtd,3050452,units,2/15/2026
FinX Payments,FINX,Fintech,Units Sold,1/1/2026,3/31/2026,2026Q1,qtd,3871184,units,2/28/2026
FinX Payments,FINX,Fintech,Units Sold,1/1/2026,3/31/2026,2026Q1,qtd,4956661,units,3/15/2026
Gamely Interactive,GAME,Gaming,ASP ($),1/1/2022,3/31/2022,2022Q1,historical,131.54,$,
Gamely Interactive,GAME,Gaming,ASP ($),4/1/2022,6/30/2022,2022Q2,historical,147.94,$,
Gamely Interactive,GAME,Gaming,ASP ($),7/1/2022,9/30/2022,2022Q3,historical,165.6,$,
Gamely Interactive,GAME,Gaming,ASP ($),10/1/2022,12/31/2022,2022Q4,historical,203.7,$,
Gamely Interactive,GAME,Gaming,ASP ($),1/1/2023,3/31/2023,2023Q1,historical,138.36,$,
Gamely Interactive,GAME,Gaming,ASP ($),4/1/2023,6/30/2023,2023Q2,historical,155.88,$,
Gamely Interactive,GAME,Gaming,ASP ($),7/1/2023,9/30/2023,2023Q3,historical,165.37,$,
Gamely Interactive,GAME,Gaming,ASP ($),10/1/2023,12/31/2023,2023Q4,historical,209.2,$,
Gamely Interactive,GAME,Gaming,ASP ($),1/1/2024,3/31/2024,2024Q1,historical,151.12,$,
Gamely Interactive,GAME,Gaming,ASP ($),4/1/2024,6/30/2024,2024Q2,historical,165.07,$,
Gamely Interactive,GAME,Gaming,ASP ($),7/1/2024,9/30/2024,2024Q3,historical,179.66,$,
Gamely Interactive,GAME,Gaming,ASP ($),10/1/2024,12/31/2024,2024Q4,historical,227.4,$,
Gamely Interactive,GAME,Gaming,ASP ($),1/1/2025,3/31/2025,2025Q1,historical,151.31,$,
Gamely Interactive,GAME,Gaming,ASP ($),4/1/2025,6/30/2025,2025Q2,historical,171.96,$,
Gamely Interactive,GAME,Gaming,ASP ($),7/1/2025,9/30/2025,2025Q3,historical,186.59,$,
Gamely Interactive,GAME,Gaming,ASP ($),10/1/2025,12/31/2025,2025Q4,historical,235.11,$,
Gamely Interactive,GAME,Gaming,ASP ($),1/1/2026,3/31/2026,2026Q1,qtd,159.06,$,1/31/2026
Gamely Interactive,GAME,Gaming,ASP ($),1/1/2026,3/31/2026,2026Q1,qtd,167.65,$,2/15/2026
Gamely Interactive,GAME,Gaming,ASP ($),1/1/2026,3/31/2026,2026Q1,qtd,164.33,$,2/28/2026
Gamely Interactive,GAME,Gaming,ASP ($),1/1/2026,3/31/2026,2026Q1,qtd,164.69,$,3/15/2026
Gamely Interactive,GAME,Gaming,Global Net Added Subscribers,1/1/2022,3/31/2022,2022Q1,historical,236054,subs,
Gamely Interactive,GAME,Gaming,Global Net Added Subscribers,4/1/2022,6/30/2022,2022Q2,historical,260510,subs,
Gamely Interactive,GAME,Gaming,Global Net Added Subscribers,7/1/2022,9/30/2022,2022Q3,historical,286048,subs,
Gamely Interactive,GAME,Gaming,Global Net Added Subscribers,10/1/2022,12/31/2022,2022Q4,historical,342864,subs,
Gamely Interactive,GAME,Gaming,Global Net Added Subscribers,1/1/2023,3/31/2023,2023Q1,historical,245772,subs,
Gamely Interactive,GAME,Gaming,Global Net Added Subscribers,4/1/2023,6/30/2023,2023Q2,historical,269038,subs,
Gamely Interactive,GAME,Gaming,Global Net Added Subscribers,7/1/2023,9/30/2023,2023Q3,historical,304699,subs,
Gamely Interactive,GAME,Gaming,Global Net Added Subscribers,10/1/2023,12/31/2023,2023Q4,historical,342142,subs,
Gamely Interactive,GAME,Gaming,Global Net Added Subscribers,1/1/2024,3/31/2024,2024Q1,historical,255106,subs,
Gamely Interactive,GAME,Gaming,Global Net Added Subscribers,4/1/2024,6/30/2024,2024Q2,historical,283849,subs,
Gamely Interactive,GAME,Gaming,Global Net Added Subscribers,7/1/2024,9/30/2024,2024Q3,historical,306687,subs,
Gamely Interactive,GAME,Gaming,Global Net Added Subscribers,10/1/2024,12/31/2024,2024Q4,historical,345730,subs,
Gamely Interactive,GAME,Gaming,Global Net Added Subscribers,1/1/2025,3/31/2025,2025Q1,historical,258711,subs,
Gamely Interactive,GAME,Gaming,Global Net Added Subscribers,4/1/2025,6/30/2025,2025Q2,historical,291371,subs,
Gamely Interactive,GAME,Gaming,Global Net Added Subscribers,7/1/2025,9/30/2025,2025Q3,historical,314997,subs,
Gamely Interactive,GAME,Gaming,Global Net Added Subscribers,10/1/2025,12/31/2025,2025Q4,historical,349297,subs,
Gamely Interactive,GAME,Gaming,Global Net Added Subscribers,1/1/2026,3/31/2026,2026Q1,qtd,94142,subs,1/31/2026
Gamely Interactive,GAME,Gaming,Global Net Added Subscribers,1/1/2026,3/31/2026,2026Q1,qtd,139216,subs,2/15/2026
Gamely Interactive,GAME,Gaming,Global Net Added Subscribers,1/1/2026,3/31/2026,2026Q1,qtd,186237,subs,2/28/2026
Gamely Interactive,GAME,Gaming,Global Net Added Subscribers,1/1/2026,3/31/2026,2026Q1,qtd,233567,subs,3/15/2026
Gamely Interactive,GAME,Gaming,Total Revenue ($MM),1/1/2022,3/31/2022,2022Q1,historical,440.53,$MM,
Gamely Interactive,GAME,Gaming,Total Revenue ($MM),4/1/2022,6/30/2022,2022Q2,historical,529.7,$MM,
Gamely Interactive,GAME,Gaming,Total Revenue ($MM),7/1/2022,9/30/2022,2022Q3,historical,628.91,$MM,
Gamely Interactive,GAME,Gaming,Total Revenue ($MM),10/1/2022,12/31/2022,2022Q4,historical,1003.58,$MM,
Gamely Interactive,GAME,Gaming,Total Revenue ($MM),1/1/2023,3/31/2023,2023Q1,historical,473.11,$MM,
Gamely Interactive,GAME,Gaming,Total Revenue ($MM),4/1/2023,6/30/2023,2023Q2,historical,563.6,$MM,
Gamely Interactive,GAME,Gaming,Total Revenue ($MM),7/1/2023,9/30/2023,2023Q3,historical,664.84,$MM,
Gamely Interactive,GAME,Gaming,Total Revenue ($MM),10/1/2023,12/31/2023,2023Q4,historical,1040.94,$MM,
Gamely Interactive,GAME,Gaming,Total Revenue ($MM),1/1/2024,3/31/2024,2024Q1,historical,544.61,$MM,
Gamely Interactive,GAME,Gaming,Total Revenue ($MM),4/1/2024,6/30/2024,2024Q2,historical,641.44,$MM,
Gamely Interactive,GAME,Gaming,Total Revenue ($MM),7/1/2024,9/30/2024,2024Q3,historical,724.45,$MM,
Gamely Interactive,GAME,Gaming,Total Revenue ($MM),10/1/2024,12/31/2024,2024Q4,historical,1247.4,$MM,
Gamely Interactive,GAME,Gaming,Total Revenue ($MM),1/1/2025,3/31/2025,2025Q1,historical,553.08,$MM,
Gamely Interactive,GAME,Gaming,Total Revenue ($MM),4/1/2025,6/30/2025,2025Q2,historical,667.96,$MM,
Gamely Interactive,GAME,Gaming,Total Revenue ($MM),7/1/2025,9/30/2025,2025Q3,historical,841.45,$MM,
Gamely Interactive,GAME,Gaming,Total Revenue ($MM),10/1/2025,12/31/2025,2025Q4,historical,1273.4,$MM,
Gamely Interactive,GAME,Gaming,Total Revenue ($MM),1/1/2026,3/31/2026,2026Q1,qtd,206.41,$MM,1/31/2026
Gamely Interactive,GAME,Gaming,Total Revenue ($MM),1/1/2026,3/31/2026,2026Q1,qtd,305.24,$MM,2/15/2026
Gamely Interactive,GAME,Gaming,Total Revenue ($MM),1/1/2026,3/31/2026,2026Q1,qtd,408.34,$MM,2/28/2026
Gamely Interactive,GAME,Gaming,Total Revenue ($MM),1/1/2026,3/31/2026,2026Q1,qtd,512.12,$MM,3/15/2026
Gamely Interactive,GAME,Gaming,U.S. Net Added Subscribers,1/1/2022,3/31/2022,2022Q1,historical,87446,subs,
Gamely Interactive,GAME,Gaming,U.S. Net Added Subscribers,4/1/2022,6/30/2022,2022Q2,historical,95984,subs,
Gamely Interactive,GAME,Gaming,U.S. Net Added Subscribers,7/1/2022,9/30/2022,2022Q3,historical,109737,subs,
Gamely Interactive,GAME,Gaming,U.S. Net Added Subscribers,10/1/2022,12/31/2022,2022Q4,historical,134819,subs,
Gamely Interactive,GAME,Gaming,U.S. Net Added Subscribers,1/1/2023,3/31/2023,2023Q1,historical,92615,subs,
Gamely Interactive,GAME,Gaming,U.S. Net Added Subscribers,4/1/2023,6/30/2023,2023Q2,historical,104294,subs,
Gamely Interactive,GAME,Gaming,U.S. Net Added Subscribers,7/1/2023,9/30/2023,2023Q3,historical,120381,subs,
Gamely Interactive,GAME,Gaming,U.S. Net Added Subscribers,10/1/2023,12/31/2023,2023Q4,historical,134520,subs,
Gamely Interactive,GAME,Gaming,U.S. Net Added Subscribers,1/1/2024,3/31/2024,2024Q1,historical,94286,subs,
Gamely Interactive,GAME,Gaming,U.S. Net Added Subscribers,4/1/2024,6/30/2024,2024Q2,historical,112067,subs,
Gamely Interactive,GAME,Gaming,U.S. Net Added Subscribers,7/1/2024,9/30/2024,2024Q3,historical,114671,subs,
Gamely Interactive,GAME,Gaming,U.S. Net Added Subscribers,10/1/2024,12/31/2024,2024Q4,historical,127335,subs,
Gamely Interactive,GAME,Gaming,U.S. Net Added Subscribers,1/1/2025,3/31/2025,2025Q1,historical,99135,subs,
Gamely Interactive,GAME,Gaming,U.S. Net Added Subscribers,4/1/2025,6/30/2025,2025Q2,historical,108630,subs,
Gamely Interactive,GAME,Gaming,U.S. Net Added Subscribers,7/1/2025,9/30/2025,2025Q3,historical,115795,subs,
Gamely Interactive,GAME,Gaming,U.S. Net Added Subscribers,10/1/2025,12/31/2025,2025Q4,historical,135612,subs,
Gamely Interactive,GAME,Gaming,U.S. Net Added Subscribers,1/1/2026,3/31/2026,2026Q1,qtd,35922,subs,1/31/2026
Gamely Interactive,GAME,Gaming,U.S. Net Added Subscribers,1/1/2026,3/31/2026,2026Q1,qtd,53121,subs,2/15/2026
Gamely Interactive,GAME,Gaming,U.S. Net Added Subscribers,1/1/2026,3/31/2026,2026Q1,qtd,71063,subs,2/28/2026
Gamely Interactive,GAME,Gaming,U.S. Net Added Subscribers,1/1/2026,3/31/2026,2026Q1,qtd,89123,subs,3/15/2026
Gamely Interactive,GAME,Gaming,Units Sold,1/1/2022,3/31/2022,2022Q1,historical,3349065,units,
Gamely Interactive,GAME,Gaming,Units Sold,4/1/2022,6/30/2022,2022Q2,historical,3580453,units,
Gamely Interactive,GAME,Gaming,Units Sold,7/1/2022,9/30/2022,2022Q3,historical,3797679,units,
Gamely Interactive,GAME,Gaming,Units Sold,10/1/2022,12/31/2022,2022Q4,historical,4926689,units,
Gamely Interactive,GAME,Gaming,Units Sold,1/1/2023,3/31/2023,2023Q1,historical,3419283,units,
Gamely Interactive,GAME,Gaming,Units Sold,4/1/2023,6/30/2023,2023Q2,historical,3615541,units,
Gamely Interactive,GAME,Gaming,Units Sold,7/1/2023,9/30/2023,2023Q3,historical,4020315,units,
Gamely Interactive,GAME,Gaming,Units Sold,10/1/2023,12/31/2023,2023Q4,historical,4975779,units,
Gamely Interactive,GAME,Gaming,Units Sold,1/1/2024,3/31/2024,2024Q1,historical,3603751,units,
Gamely Interactive,GAME,Gaming,Units Sold,4/1/2024,6/30/2024,2024Q2,historical,3885783,units,
Gamely Interactive,GAME,Gaming,Units Sold,7/1/2024,9/30/2024,2024Q3,historical,4032289,units,
Gamely Interactive,GAME,Gaming,Units Sold,10/1/2024,12/31/2024,2024Q4,historical,5485511,units,
Gamely Interactive,GAME,Gaming,Units Sold,1/1/2025,3/31/2025,2025Q1,historical,3655142,units,
Gamely Interactive,GAME,Gaming,Units Sold,4/1/2025,6/30/2025,2025Q2,historical,3884429,units,
Gamely Interactive,GAME,Gaming,Units Sold,7/1/2025,9/30/2025,2025Q3,historical,4509643,units,
Gamely Interactive,GAME,Gaming,Units Sold,10/1/2025,12/31/2025,2025Q4,historical,5416081,units,
Gamely Interactive,GAME,Gaming,Units Sold,1/1/2026,3/31/2026,2026Q1,qtd,1259549,units,1/31/2026
Gamely Interactive,GAME,Gaming,Units Sold,1/1/2026,3/31/2026,2026Q1,qtd,1862611,units,2/15/2026
Gamely Interactive,GAME,Gaming,Units Sold,1/1/2026,3/31/2026,2026Q1,qtd,2491719,units,2/28/2026
Gamely Interactive,GAME,Gaming,Units Sold,1/1/2026,3/31/2026,2026Q1,qtd,3124973,units,3/15/2026
Homz Marketplaces,HOMZ,Marketplaces,ASP ($),1/1/2022,3/31/2022,2022Q1,historical,136.55,$,
Homz Marketplaces,HOMZ,Marketplaces,ASP ($),4/1/2022,6/30/2022,2022Q2,historical,167.79,$,
Homz Marketplaces,HOMZ,Marketplaces,ASP ($),7/1/2022,9/30/2022,2022Q3,historical,169.2,$,
Homz Marketplaces,HOMZ,Marketplaces,ASP ($),10/1/2022,12/31/2022,2022Q4,historical,157.01,$,
Homz Marketplaces,HOMZ,Marketplaces,ASP ($),1/1/2023,3/31/2023,2023Q1,historical,150.11,$,
Homz Marketplaces,HOMZ,Marketplaces,ASP ($),4/1/2023,6/30/2023,2023Q2,historical,168.66,$,
Homz Marketplaces,HOMZ,Marketplaces,ASP ($),7/1/2023,9/30/2023,2023Q3,historical,184.17,$,
Homz Marketplaces,HOMZ,Marketplaces,ASP ($),10/1/2023,12/31/2023,2023Q4,historical,169.14,$,
Homz Marketplaces,HOMZ,Marketplaces,ASP ($),1/1/2024,3/31/2024,2024Q1,historical,152.11,$,
Homz Marketplaces,HOMZ,Marketplaces,ASP ($),4/1/2024,6/30/2024,2024Q2,historical,186.05,$,
Homz Marketplaces,HOMZ,Marketplaces,ASP ($),7/1/2024,9/30/2024,2024Q3,historical,188.52,$,
Homz Marketplaces,HOMZ,Marketplaces,ASP ($),10/1/2024,12/31/2024,2024Q4,historical,176.58,$,
Homz Marketplaces,HOMZ,Marketplaces,ASP ($),1/1/2025,3/31/2025,2025Q1,historical,167.18,$,
Homz Marketplaces,HOMZ,Marketplaces,ASP ($),4/1/2025,6/30/2025,2025Q2,historical,197.85,$,
Homz Marketplaces,HOMZ,Marketplaces,ASP ($),7/1/2025,9/30/2025,2025Q3,historical,203.33,$,
Homz Marketplaces,HOMZ,Marketplaces,ASP ($),10/1/2025,12/31/2025,2025Q4,historical,183.1,$,
Homz Marketplaces,HOMZ,Marketplaces,ASP ($),1/1/2026,3/31/2026,2026Q1,qtd,168.1,$,1/31/2026
Homz Marketplaces,HOMZ,Marketplaces,ASP ($),1/1/2026,3/31/2026,2026Q1,qtd,162.11,$,2/15/2026
Homz Marketplaces,HOMZ,Marketplaces,ASP ($),1/1/2026,3/31/2026,2026Q1,qtd,164.7,$,2/28/2026
Homz Marketplaces,HOMZ,Marketplaces,ASP ($),1/1/2026,3/31/2026,2026Q1,qtd,169.87,$,3/15/2026
Homz Marketplaces,HOMZ,Marketplaces,Global Net Added Subscribers,1/1/2022,3/31/2022,2022Q1,historical,172625,subs,
Homz Marketplaces,HOMZ,Marketplaces,Global Net Added Subscribers,4/1/2022,6/30/2022,2022Q2,historical,226863,subs,
Homz Marketplaces,HOMZ,Marketplaces,Global Net Added Subscribers,7/1/2022,9/30/2022,2022Q3,historical,230708,subs,
Homz Marketplaces,HOMZ,Marketplaces,Global Net Added Subscribers,10/1/2022,12/31/2022,2022Q4,historical,190984,subs,
Homz Marketplaces,HOMZ,Marketplaces,Global Net Added Subscribers,1/1/2023,3/31/2023,2023Q1,historical,188838,subs,
Homz Marketplaces,HOMZ,Marketplaces,Global Net Added Subscribers,4/1/2023,6/30/2023,2023Q2,historical,223208,subs,
Homz Marketplaces,HOMZ,Marketplaces,Global Net Added Subscribers,7/1/2023,9/30/2023,2023Q3,historical,240791,subs,
Homz Marketplaces,HOMZ,Marketplaces,Global Net Added Subscribers,10/1/2023,12/31/2023,2023Q4,historical,213511,subs,
Homz Marketplaces,HOMZ,Marketplaces,Global Net Added Subscribers,1/1/2024,3/31/2024,2024Q1,historical,189826,subs,
Homz Marketplaces,HOMZ,Marketplaces,Global Net Added Subscribers,4/1/2024,6/30/2024,2024Q2,historical,224983,subs,
Homz Marketplaces,HOMZ,Marketplaces,Global Net Added Subscribers,7/1/2024,9/30/2024,2024Q3,historical,254363,subs,
Homz Marketplaces,HOMZ,Marketplaces,Global Net Added Subscribers,10/1/2024,12/31/2024,2024Q4,historical,224515,subs,
Homz Marketplaces,HOMZ,Marketplaces,Global Net Added Subscribers,1/1/2025,3/31/2025,2025Q1,historical,207650,subs,
Homz Marketplaces,HOMZ,Marketplaces,Global Net Added Subscribers,4/1/2025,6/30/2025,2025Q2,historical,236202,subs,
Homz Marketplaces,HOMZ,Marketplaces,Global Net Added Subscribers,7/1/2025,9/30/2025,2025Q3,historical,255570,subs,
Homz Marketplaces,HOMZ,Marketplaces,Global Net Added Subscribers,10/1/2025,12/31/2025,2025Q4,historical,217439,subs,
Homz Marketplaces,HOMZ,Marketplaces,Global Net Added Subscribers,1/1/2026,3/31/2026,2026Q1,qtd,71118,subs,1/31/2026
Homz Marketplaces,HOMZ,Marketplaces,Global Net Added Subscribers,1/1/2026,3/31/2026,2026Q1,qtd,105081,subs,2/15/2026
Homz Marketplaces,HOMZ,Marketplaces,Global Net Added Subscribers,1/1/2026,3/31/2026,2026Q1,qtd,137628,subs,2/28/2026
Homz Marketplaces,HOMZ,Marketplaces,Global Net Added Subscribers,1/1/2026,3/31/2026,2026Q1,qtd,170669,subs,3/15/2026
Homz Marketplaces,HOMZ,Marketplaces,Total Revenue ($MM),1/1/2022,3/31/2022,2022Q1,historical,214.63,$MM,
Homz Marketplaces,HOMZ,Marketplaces,Total Revenue ($MM),4/1/2022,6/30/2022,2022Q2,historical,330.85,$MM,
Homz Marketplaces,HOMZ,Marketplaces,Total Revenue ($MM),7/1/2022,9/30/2022,2022Q3,historical,327.45,$MM,
Homz Marketplaces,HOMZ,Marketplaces,Total Revenue ($MM),10/1/2022,12/31/2022,2022Q4,historical,291.56,$MM,
Homz Marketplaces,HOMZ,Marketplaces,Total Revenue ($MM),1/1/2023,3/31/2023,2023Q1,historical,266.88,$MM,
Homz Marketplaces,HOMZ,Marketplaces,Total Revenue ($MM),4/1/2023,6/30/2023,2023Q2,historical,348.18,$MM,
Homz Marketplaces,HOMZ,Marketplaces,Total Revenue ($MM),7/1/2023,9/30/2023,2023Q3,historical,400.51,$MM,
Homz Marketplaces,HOMZ,Marketplaces,Total Revenue ($MM),10/1/2023,12/31/2023,2023Q4,historical,318.55,$MM,
Homz Marketplaces,HOMZ,Marketplaces,Total Revenue ($MM),1/1/2024,3/31/2024,2024Q1,historical,282.38,$MM,
Homz Marketplaces,HOMZ,Marketplaces,Total Revenue ($MM),4/1/2024,6/30/2024,2024Q2,historical,389.82,$MM,
Homz Marketplaces,HOMZ,Marketplaces,Total Revenue ($MM),7/1/2024,9/30/2024,2024Q3,historical,433.42,$MM,
Homz Marketplaces,HOMZ,Marketplaces,Total Revenue ($MM),10/1/2024,12/31/2024,2024Q4,historical,360.04,$MM,
Homz Marketplaces,HOMZ,Marketplaces,Total Revenue ($MM),1/1/2025,3/31/2025,2025Q1,historical,310.16,$MM,
Homz Marketplaces,HOMZ,Marketplaces,Total Revenue ($MM),4/1/2025,6/30/2025,2025Q2,historical,439.6,$MM,
Homz Marketplaces,HOMZ,Marketplaces,Total Revenue ($MM),7/1/2025,9/30/2025,2025Q3,historical,473.05,$MM,
Homz Marketplaces,HOMZ,Marketplaces,Total Revenue ($MM),10/1/2025,12/31/2025,2025Q4,historical,400.33,$MM,
Homz Marketplaces,HOMZ,Marketplaces,Total Revenue ($MM),1/1/2026,3/31/2026,2026Q1,qtd,119.53,$MM,1/31/2026
Homz Marketplaces,HOMZ,Marketplaces,Total Revenue ($MM),1/1/2026,3/31/2026,2026Q1,qtd,176.61,$MM,2/15/2026
Homz Marketplaces,HOMZ,Marketplaces,Total Revenue ($MM),1/1/2026,3/31/2026,2026Q1,qtd,231.31,$MM,2/28/2026
Homz Marketplaces,HOMZ,Marketplaces,Total Revenue ($MM),1/1/2026,3/31/2026,2026Q1,qtd,286.85,$MM,3/15/2026
Homz Marketplaces,HOMZ,Marketplaces,U.S. Net Added Subscribers,1/1/2022,3/31/2022,2022Q1,historical,89068,subs,
Homz Marketplaces,HOMZ,Marketplaces,U.S. Net Added Subscribers,4/1/2022,6/30/2022,2022Q2,historical,110801,subs,
Homz Marketplaces,HOMZ,Marketplaces,U.S. Net Added Subscribers,7/1/2022,9/30/2022,2022Q3,historical,118899,subs,
Homz Marketplaces,HOMZ,Marketplaces,U.S. Net Added Subscribers,10/1/2022,12/31/2022,2022Q4,historical,98776,subs,
Homz Marketplaces,HOMZ,Marketplaces,U.S. Net Added Subscribers,1/1/2023,3/31/2023,2023Q1,historical,97300,subs,
Homz Marketplaces,HOMZ,Marketplaces,U.S. Net Added Subscribers,4/1/2023,6/30/2023,2023Q2,historical,115451,subs,
Homz Marketplaces,HOMZ,Marketplaces,U.S. Net Added Subscribers,7/1/2023,9/30/2023,2023Q3,historical,118150,subs,
Homz Marketplaces,HOMZ,Marketplaces,U.S. Net Added Subscribers,10/1/2023,12/31/2023,2023Q4,historical,109818,subs,
Homz Marketplaces,HOMZ,Marketplaces,U.S. Net Added Subscribers,1/1/2024,3/31/2024,2024Q1,historical,93434,subs,
Homz Marketplaces,HOMZ,Marketplaces,U.S. Net Added Subscribers,4/1/2024,6/30/2024,2024Q2,historical,109730,subs,
Homz Marketplaces,HOMZ,Marketplaces,U.S. Net Added Subscribers,7/1/2024,9/30/2024,2024Q3,historical,124934,subs,
Homz Marketplaces,HOMZ,Marketplaces,U.S. Net Added Subscribers,10/1/2024,12/31/2024,2024Q4,historical,112583,subs,
Homz Marketplaces,HOMZ,Marketplaces,U.S. Net Added Subscribers,1/1/2025,3/31/2025,2025Q1,historical,101155,subs,
Homz Marketplaces,HOMZ,Marketplaces,U.S. Net Added Subscribers,4/1/2025,6/30/2025,2025Q2,historical,117483,subs,
Homz Marketplaces,HOMZ,Marketplaces,U.S. Net Added Subscribers,7/1/2025,9/30/2025,2025Q3,historical,127902,subs,
Homz Marketplaces,HOMZ,Marketplaces,U.S. Net Added Subscribers,10/1/2025,12/31/2025,2025Q4,historical,110535,subs,
Homz Marketplaces,HOMZ,Marketplaces,U.S. Net Added Subscribers,1/1/2026,3/31/2026,2026Q1,qtd,36184,subs,1/31/2026
Homz Marketplaces,HOMZ,Marketplaces,U.S. Net Added Subscribers,1/1/2026,3/31/2026,2026Q1,qtd,53463,subs,2/15/2026
Homz Marketplaces,HOMZ,Marketplaces,U.S. Net Added Subscribers,1/1/2026,3/31/2026,2026Q1,qtd,70022,subs,2/28/2026
Homz Marketplaces,HOMZ,Marketplaces,U.S. Net Added Subscribers,1/1/2026,3/31/2026,2026Q1,qtd,86832,subs,3/15/2026
Homz Marketplaces,HOMZ,Marketplaces,Units Sold,1/1/2022,3/31/2022,2022Q1,historical,1571717,units,
Homz Marketplaces,HOMZ,Marketplaces,Units Sold,4/1/2022,6/30/2022,2022Q2,historical,1971762,units,
Homz Marketplaces,HOMZ,Marketplaces,Units Sold,7/1/2022,9/30/2022,2022Q3,historical,1935298,units,
Homz Marketplaces,HOMZ,Marketplaces,Units Sold,10/1/2022,12/31/2022,2022Q4,historical,1856883,units,
Homz Marketplaces,HOMZ,Marketplaces,Units Sold,1/1/2023,3/31/2023,2023Q1,historical,1777889,units,
Homz Marketplaces,HOMZ,Marketplaces,Units Sold,4/1/2023,6/30/2023,2023Q2,historical,2064400,units,
Homz Marketplaces,HOMZ,Marketplaces,Units Sold,7/1/2023,9/30/2023,2023Q3,historical,2174664,units,
Homz Marketplaces,HOMZ,Marketplaces,Units Sold,10/1/2023,12/31/2023,2023Q4,historical,1883346,units,
Homz Marketplaces,HOMZ,Marketplaces,Units Sold,1/1/2024,3/31/2024,2024Q1,historical,1856440,units,
Homz Marketplaces,HOMZ,Marketplaces,Units Sold,4/1/2024,6/30/2024,2024Q2,historical,2095243,units,
Homz Marketplaces,HOMZ,Marketplaces,Units Sold,7/1/2024,9/30/2024,2024Q3,historical,2299078,units,
Homz Marketplaces,HOMZ,Marketplaces,Units Sold,10/1/2024,12/31/2024,2024Q4,historical,2038997,units,
Homz Marketplaces,HOMZ,Marketplaces,Units Sold,1/1/2025,3/31/2025,2025Q1,historical,1855223,units,
Homz Marketplaces,HOMZ,Marketplaces,Units Sold,4/1/2025,6/30/2025,2025Q2,historical,2221924,units,
Homz Marketplaces,HOMZ,Marketplaces,Units Sold,7/1/2025,9/30/2025,2025Q3,historical,2326512,units,
Homz Marketplaces,HOMZ,Marketplaces,Units Sold,10/1/2025,12/31/2025,2025Q4,historical,2186355,units,
Homz Marketplaces,HOMZ,Marketplaces,Units Sold,1/1/2026,3/31/2026,2026Q1,qtd,718330,units,1/31/2026
Homz Marketplaces,HOMZ,Marketplaces,Units Sold,1/1/2026,3/31/2026,2026Q1,qtd,1061371,units,2/15/2026
Homz Marketplaces,HOMZ,Marketplaces,Units Sold,1/1/2026,3/31/2026,2026Q1,qtd,1390112,units,2/28/2026
Homz Marketplaces,HOMZ,Marketplaces,Units Sold,1/1/2026,3/31/2026,2026Q1,qtd,1723834,units,3/15/2026
Imaginary Streaming Company,IGC,Software,ASP ($),1/1/2022,3/31/2022,2022Q1,historical,101.07,$,
Imaginary Streaming Company,IGC,Software,ASP ($),4/1/2022,6/30/2022,2022Q2,historical,105.12,$,
Imaginary Streaming Company,IGC,Software,ASP ($),7/1/2022,9/30/2022,2022Q3,historical,109.29,$,
Imaginary Streaming Company,IGC,Software,ASP ($),10/1/2022,12/31/2022,2022Q4,historical,112.3,$,
Imaginary Streaming Company,IGC,Software,ASP ($),1/1/2023,3/31/2023,2023Q1,historical,102.14,$,
Imaginary Streaming Company,IGC,Software,ASP ($),4/1/2023,6/30/2023,2023Q2,historical,108.35,$,
Imaginary Streaming Company,IGC,Software,ASP ($),7/1/2023,9/30/2023,2023Q3,historical,111.43,$,
Imaginary Streaming Company,IGC,Software,ASP ($),10/1/2023,12/31/2023,2023Q4,historical,117.8,$,
Imaginary Streaming Company,IGC,Software,ASP ($),1/1/2024,3/31/2024,2024Q1,historical,106.57,$,
Imaginary Streaming Company,IGC,Software,ASP ($),4/1/2024,6/30/2024,2024Q2,historical,110.09,$,
Imaginary Streaming Company,IGC,Software,ASP ($),7/1/2024,9/30/2024,2024Q3,historical,112.01,$,
Imaginary Streaming Company,IGC,Software,ASP ($),10/1/2024,12/31/2024,2024Q4,historical,120.14,$,
Imaginary Streaming Company,IGC,Software,ASP ($),1/1/2025,3/31/2025,2025Q1,historical,110.09,$,
Imaginary Streaming Company,IGC,Software,ASP ($),4/1/2025,6/30/2025,2025Q2,historical,112.73,$,
Imaginary Streaming Company,IGC,Software,ASP ($),7/1/2025,9/30/2025,2025Q3,historical,114.03,$,
Imaginary Streaming Company,IGC,Software,ASP ($),10/1/2025,12/31/2025,2025Q4,historical,124.82,$,
Imaginary Streaming Company,IGC,Software,ASP ($),1/1/2026,3/31/2026,2026Q1,qtd,114.48,$,1/31/2026
Imaginary Streaming Company,IGC,Software,ASP ($),1/1/2026,3/31/2026,2026Q1,qtd,115.82,$,2/15/2026
Imaginary Streaming Company,IGC,Software,ASP ($),1/1/2026,3/31/2026,2026Q1,qtd,112.5,$,2/28/2026
Imaginary Streaming Company,IGC,Software,ASP ($),1/1/2026,3/31/2026,2026Q1,qtd,115.09,$,3/15/2026
Imaginary Streaming Company,IGC,Software,Global Net Added Subscribers,1/1/2022,3/31/2022,2022Q1,historical,469276,subs,
Imaginary Streaming Company,IGC,Software,Global Net Added Subscribers,4/1/2022,6/30/2022,2022Q2,historical,503122,subs,
Imaginary Streaming Company,IGC,Software,Global Net Added Subscribers,7/1/2022,9/30/2022,2022Q3,historical,557296,subs,
Imaginary Streaming Company,IGC,Software,Global Net Added Subscribers,10/1/2022,12/31/2022,2022Q4,historical,541586,subs,
Imaginary Streaming Company,IGC,Software,Global Net Added Subscribers,1/1/2023,3/31/2023,2023Q1,historical,495590,subs,
Imaginary Streaming Company,IGC,Software,Global Net Added Subscribers,4/1/2023,6/30/2023,2023Q2,historical,531701,subs,
Imaginary Streaming Company,IGC,Software,Global Net Added Subscribers,7/1/2023,9/30/2023,2023Q3,historical,523821,subs,
Imaginary Streaming Company,IGC,Software,Global Net Added Subscribers,10/1/2023,12/31/2023,2023Q4,historical,600071,subs,
Imaginary Streaming Company,IGC,Software,Global Net Added Subscribers,1/1/2024,3/31/2024,2024Q1,historical,482895,subs,
Imaginary Streaming Company,IGC,Software,Global Net Added Subscribers,4/1/2024,6/30/2024,2024Q2,historical,562895,subs,
Imaginary Streaming Company,IGC,Software,Global Net Added Subscribers,7/1/2024,9/30/2024,2024Q3,historical,540489,subs,
Imaginary Streaming Company,IGC,Software,Global Net Added Subscribers,10/1/2024,12/31/2024,2024Q4,historical,602530,subs,
Imaginary Streaming Company,IGC,Software,Global Net Added Subscribers,1/1/2025,3/31/2025,2025Q1,historical,487925,subs,
Imaginary Streaming Company,IGC,Software,Global Net Added Subscribers,4/1/2025,6/30/2025,2025Q2,historical,555829,subs,
Imaginary Streaming Company,IGC,Software,Global Net Added Subscribers,7/1/2025,9/30/2025,2025Q3,historical,566283,subs,
Imaginary Streaming Company,IGC,Software,Global Net Added Subscribers,10/1/2025,12/31/2025,2025Q4,historical,611004,subs,
Imaginary Streaming Company,IGC,Software,Global Net Added Subscribers,1/1/2026,3/31/2026,2026Q1,qtd,182412,subs,1/31/2026
Imaginary Streaming Company,IGC,Software,Global Net Added Subscribers,1/1/2026,3/31/2026,2026Q1,qtd,274337,subs,2/15/2026
Imaginary Streaming Company,IGC,Software,Global Net Added Subscribers,1/1/2026,3/31/2026,2026Q1,qtd,349118,subs,2/28/2026
Imaginary Streaming Company,IGC,Software,Global Net Added Subscribers,1/1/2026,3/31/2026,2026Q1,qtd,435044,subs,3/15/2026
Imaginary Streaming Company,IGC,Software,Total Revenue ($MM),1/1/2022,3/31/2022,2022Q1,historical,519.63,$MM,
Imaginary Streaming Company,IGC,Software,Total Revenue ($MM),4/1/2022,6/30/2022,2022Q2,historical,577.22,$MM,
Imaginary Streaming Company,IGC,Software,Total Revenue ($MM),7/1/2022,9/30/2022,2022Q3,historical,628.04,$MM,
Imaginary Streaming Company,IGC,Software,Total Revenue ($MM),10/1/2022,12/31/2022,2022Q4,historical,687.22,$MM,
Imaginary Streaming Company,IGC,Software,Total Revenue ($MM),1/1/2023,3/31/2023,2023Q1,historical,570.06,$MM,
Imaginary Streaming Company,IGC,Software,Total Revenue ($MM),4/1/2023,6/30/2023,2023Q2,historical,627.27,$MM,
Imaginary Streaming Company,IGC,Software,Total Revenue ($MM),7/1/2023,9/30/2023,2023Q3,historical,652.44,$MM,
Imaginary Streaming Company,IGC,Software,Total Revenue ($MM),10/1/2023,12/31/2023,2023Q4,historical,752.17,$MM,
Imaginary Streaming Company,IGC,Software,Total Revenue ($MM),1/1/2024,3/31/2024,2024Q1,historical,613.44,$MM,
Imaginary Streaming Company,IGC,Software,Total Revenue ($MM),4/1/2024,6/30/2024,2024Q2,historical,690.95,$MM,
Imaginary Streaming Company,IGC,Software,Total Revenue ($MM),7/1/2024,9/30/2024,2024Q3,historical,722.37,$MM,
Imaginary Streaming Company,IGC,Software,Total Revenue ($MM),10/1/2024,12/31/2024,2024Q4,historical,808.13,$MM,
Imaginary Streaming Company,IGC,Software,Total Revenue ($MM),1/1/2025,3/31/2025,2025Q1,historical,702.62,$MM,
Imaginary Streaming Company,IGC,Software,Total Revenue ($MM),4/1/2025,6/30/2025,2025Q2,historical,779.99,$MM,
Imaginary Streaming Company,IGC,Software,Total Revenue ($MM),7/1/2025,9/30/2025,2025Q3,historical,794.04,$MM,
Imaginary Streaming Company,IGC,Software,Total Revenue ($MM),10/1/2025,12/31/2025,2025Q4,historical,945.3,$MM,
Imaginary Streaming Company,IGC,Software,Total Revenue ($MM),1/1/2026,3/31/2026,2026Q1,qtd,263.09,$MM,1/31/2026
Imaginary Streaming Company,IGC,Software,Total Revenue ($MM),1/1/2026,3/31/2026,2026Q1,qtd,395.67,$MM,2/15/2026
Imaginary Streaming Company,IGC,Software,Total Revenue ($MM),1/1/2026,3/31/2026,2026Q1,qtd,503.52,$MM,2/28/2026
Imaginary Streaming Company,IGC,Software,Total Revenue ($MM),1/1/2026,3/31/2026,2026Q1,qtd,627.45,$MM,3/15/2026
Imaginary Streaming Company,IGC,Software,U.S. Net Added Subscribers,1/1/2022,3/31/2022,2022Q1,historical,139751,subs,
Imaginary Streaming Company,IGC,Software,U.S. Net Added Subscribers,4/1/2022,6/30/2022,2022Q2,historical,149976,subs,
Imaginary Streaming Company,IGC,Software,U.S. Net Added Subscribers,7/1/2022,9/30/2022,2022Q3,historical,168734,subs,
Imaginary Streaming Company,IGC,Software,U.S. Net Added Subscribers,10/1/2022,12/31/2022,2022Q4,historical,159706,subs,
Imaginary Streaming Company,IGC,Software,U.S. Net Added Subscribers,1/1/2023,3/31/2023,2023Q1,historical,148261,subs,
Imaginary Streaming Company,IGC,Software,U.S. Net Added Subscribers,4/1/2023,6/30/2023,2023Q2,historical,164630,subs,
Imaginary Streaming Company,IGC,Software,U.S. Net Added Subscribers,7/1/2023,9/30/2023,2023Q3,historical,157340,subs,
Imaginary Streaming Company,IGC,Software,U.S. Net Added Subscribers,10/1/2023,12/31/2023,2023Q4,historical,183638,subs,
Imaginary Streaming Company,IGC,Software,U.S. Net Added Subscribers,1/1/2024,3/31/2024,2024Q1,historical,139357,subs,
Imaginary Streaming Company,IGC,Software,U.S. Net Added Subscribers,4/1/2024,6/30/2024,2024Q2,historical,163098,subs,
Imaginary Streaming Company,IGC,Software,U.S. Net Added Subscribers,7/1/2024,9/30/2024,2024Q3,historical,164694,subs,
Imaginary Streaming Company,IGC,Software,U.S. Net Added Subscribers,10/1/2024,12/31/2024,2024Q4,historical,173609,subs,
Imaginary Streaming Company,IGC,Software,U.S. Net Added Subscribers,1/1/2025,3/31/2025,2025Q1,historical,145501,subs,
Imaginary Streaming Company,IGC,Software,U.S. Net Added Subscribers,4/1/2025,6/30/2025,2025Q2,historical,160749,subs,
Imaginary Streaming Company,IGC,Software,U.S. Net Added Subscribers,7/1/2025,9/30/2025,2025Q3,historical,173981,subs,
Imaginary Streaming Company,IGC,Software,U.S. Net Added Subscribers,10/1/2025,12/31/2025,2025Q4,historical,189901,subs,
Imaginary Streaming Company,IGC,Software,U.S. Net Added Subscribers,1/1/2026,3/31/2026,2026Q1,qtd,54745,subs,1/31/2026
Imaginary Streaming Company,IGC,Software,U.S. Net Added Subscribers,1/1/2026,3/31/2026,2026Q1,qtd,82333,subs,2/15/2026
Imaginary Streaming Company,IGC,Software,U.S. Net Added Subscribers,1/1/2026,3/31/2026,2026Q1,qtd,104776,subs,2/28/2026
Imaginary Streaming Company,IGC,Software,U.S. Net Added Subscribers,1/1/2026,3/31/2026,2026Q1,qtd,130563,subs,3/15/2026
Imaginary Streaming Company,IGC,Software,Units Sold,1/1/2022,3/31/2022,2022Q1,historical,5141535,units,
Imaginary Streaming Company,IGC,Software,Units Sold,4/1/2022,6/30/2022,2022Q2,historical,5491240,units,
Imaginary Streaming Company,IGC,Software,Units Sold,7/1/2022,9/30/2022,2022Q3,historical,5746616,units,
Imaginary Streaming Company,IGC,Software,Units Sold,10/1/2022,12/31/2022,2022Q4,historical,6119684,units,
Imaginary Streaming Company,IGC,Software,Units Sold,1/1/2023,3/31/2023,2023Q1,historical,5581110,units,
Imaginary Streaming Company,IGC,Software,Units Sold,4/1/2023,6/30/2023,2023Q2,historical,5789355,units,
Imaginary Streaming Company,IGC,Software,Units Sold,7/1/2023,9/30/2023,2023Q3,historical,5855022,units,
Imaginary Streaming Company,IGC,Software,Units Sold,10/1/2023,12/31/2023,2023Q4,historical,6385084,units,
Imaginary Streaming Company,IGC,Software,Units Sold,1/1/2024,3/31/2024,2024Q1,historical,5756264,units,
Imaginary Streaming Company,IGC,Software,Units Sold,4/1/2024,6/30/2024,2024Q2,historical,6276136,units,
Imaginary Streaming Company,IGC,Software,Units Sold,7/1/2024,9/30/2024,2024Q3,historical,6449238,units,
Imaginary Streaming Company,IGC,Software,Units Sold,10/1/2024,12/31/2024,2024Q4,historical,6726789,units,
Imaginary Streaming Company,IGC,Software,Units Sold,1/1/2025,3/31/2025,2025Q1,historical,6382065,units,
Imaginary Streaming Company,IGC,Software,Units Sold,4/1/2025,6/30/2025,2025Q2,historical,6919075,units,
Imaginary Streaming Company,IGC,Software,Units Sold,7/1/2025,9/30/2025,2025Q3,historical,6963445,units,
Imaginary Streaming Company,IGC,Software,Units Sold,10/1/2025,12/31/2025,2025Q4,historical,7573347,units,
Imaginary Streaming Company,IGC,Software,Units Sold,1/1/2026,3/31/2026,2026Q1,qtd,2304747,units,1/31/2026
Imaginary Streaming Company,IGC,Software,Units Sold,1/1/2026,3/31/2026,2026Q1,qtd,3466215,units,2/15/2026
Imaginary Streaming Company,IGC,Software,Units Sold,1/1/2026,3/31/2026,2026Q1,qtd,4411062,units,2/28/2026
Imaginary Streaming Company,IGC,Software,Units Sold,1/1/2026,3/31/2026,2026Q1,qtd,5496728,units,3/15/2026
MediCare Online,MEDI,HealthTech,ASP ($),1/1/2022,3/31/2022,2022Q1,historical,204.61,$,
MediCare Online,MEDI,HealthTech,ASP ($),4/1/2022,6/30/2022,2022Q2,historical,182.86,$,
MediCare Online,MEDI,HealthTech,ASP ($),7/1/2022,9/30/2022,2022Q3,historical,187.51,$,
MediCare Online,MEDI,HealthTech,ASP ($),10/1/2022,12/31/2022,2022Q4,historical,209.02,$,
MediCare Online,MEDI,HealthTech,ASP ($),1/1/2023,3/31/2023,2023Q1,historical,215.2,$,
MediCare Online,MEDI,HealthTech,ASP ($),4/1/2023,6/30/2023,2023Q2,historical,202.51,$,
MediCare Online,MEDI,HealthTech,ASP ($),7/1/2023,9/30/2023,2023Q3,historical,199.45,$,
MediCare Online,MEDI,HealthTech,ASP ($),10/1/2023,12/31/2023,2023Q4,historical,226.43,$,
MediCare Online,MEDI,HealthTech,ASP ($),1/1/2024,3/31/2024,2024Q1,historical,232.94,$,
MediCare Online,MEDI,HealthTech,ASP ($),4/1/2024,6/30/2024,2024Q2,historical,215.57,$,
MediCare Online,MEDI,HealthTech,ASP ($),7/1/2024,9/30/2024,2024Q3,historical,214.51,$,
MediCare Online,MEDI,HealthTech,ASP ($),10/1/2024,12/31/2024,2024Q4,historical,239.88,$,
MediCare Online,MEDI,HealthTech,ASP ($),1/1/2025,3/31/2025,2025Q1,historical,242.4,$,
MediCare Online,MEDI,HealthTech,ASP ($),4/1/2025,6/30/2025,2025Q2,historical,226.13,$,
MediCare Online,MEDI,HealthTech,ASP ($),7/1/2025,9/30/2025,2025Q3,historical,235.34,$,
MediCare Online,MEDI,HealthTech,ASP ($),10/1/2025,12/31/2025,2025Q4,historical,251.94,$,
MediCare Online,MEDI,HealthTech,ASP ($),1/1/2026,3/31/2026,2026Q1,qtd,280.18,$,1/31/2026
MediCare Online,MEDI,HealthTech,ASP ($),1/1/2026,3/31/2026,2026Q1,qtd,270.99,$,2/15/2026
MediCare Online,MEDI,HealthTech,ASP ($),1/1/2026,3/31/2026,2026Q1,qtd,270.21,$,2/28/2026
MediCare Online,MEDI,HealthTech,ASP ($),1/1/2026,3/31/2026,2026Q1,qtd,278.78,$,3/15/2026
MediCare Online,MEDI,HealthTech,Global Net Added Subscribers,1/1/2022,3/31/2022,2022Q1,historical,423298,subs,
MediCare Online,MEDI,HealthTech,Global Net Added Subscribers,4/1/2022,6/30/2022,2022Q2,historical,357698,subs,
MediCare Online,MEDI,HealthTech,Global Net Added Subscribers,7/1/2022,9/30/2022,2022Q3,historical,349797,subs,
MediCare Online,MEDI,HealthTech,Global Net Added Subscribers,10/1/2022,12/31/2022,2022Q4,historical,412150,subs,
MediCare Online,MEDI,HealthTech,Global Net Added Subscribers,1/1/2023,3/31/2023,2023Q1,historical,438375,subs,
MediCare Online,MEDI,HealthTech,Global Net Added Subscribers,4/1/2023,6/30/2023,2023Q2,historical,400793,subs,
MediCare Online,MEDI,HealthTech,Global Net Added Subscribers,7/1/2023,9/30/2023,2023Q3,historical,374380,subs,
MediCare Online,MEDI,HealthTech,Global Net Added Subscribers,10/1/2023,12/31/2023,2023Q4,historical,436222,subs,
MediCare Online,MEDI,HealthTech,Global Net Added Subscribers,1/1/2024,3/31/2024,2024Q1,historical,454120,subs,
MediCare Online,MEDI,HealthTech,Global Net Added Subscribers,4/1/2024,6/30/2024,2024Q2,historical,402414,subs,
MediCare Online,MEDI,HealthTech,Global Net Added Subscribers,7/1/2024,9/30/2024,2024Q3,historical,400435,subs,
MediCare Online,MEDI,HealthTech,Global Net Added Subscribers,10/1/2024,12/31/2024,2024Q4,historical,460006,subs,
MediCare Online,MEDI,HealthTech,Global Net Added Subscribers,1/1/2025,3/31/2025,2025Q1,historical,475899,subs,
MediCare Online,MEDI,HealthTech,Global Net Added Subscribers,4/1/2025,6/30/2025,2025Q2,historical,420043,subs,
MediCare Online,MEDI,HealthTech,Global Net Added Subscribers,7/1/2025,9/30/2025,2025Q3,historical,435423,subs,
MediCare Online,MEDI,HealthTech,Global Net Added Subscribers,10/1/2025,12/31/2025,2025Q4,historical,467898,subs,
MediCare Online,MEDI,HealthTech,Global Net Added Subscribers,1/1/2026,3/31/2026,2026Q1,qtd,181285,subs,1/31/2026
MediCare Online,MEDI,HealthTech,Global Net Added Subscribers,1/1/2026,3/31/2026,2026Q1,qtd,275148,subs,2/15/2026
MediCare Online,MEDI,HealthTech,Global Net Added Subscribers,1/1/2026,3/31/2026,2026Q1,qtd,343073,subs,2/28/2026
MediCare Online,MEDI,HealthTech,Global Net Added Subscribers,1/1/2026,3/31/2026,2026Q1,qtd,433303,subs,3/15/2026
MediCare Online,MEDI,HealthTech,Total Revenue ($MM),1/1/2022,3/31/2022,2022Q1,historical,434.52,$MM,
MediCare Online,MEDI,HealthTech,Total Revenue ($MM),4/1/2022,6/30/2022,2022Q2,historical,354.25,$MM,
MediCare Online,MEDI,HealthTech,Total Revenue ($MM),7/1/2022,9/30/2022,2022Q3,historical,357.12,$MM,
MediCare Online,MEDI,HealthTech,Total Revenue ($MM),10/1/2022,12/31/2022,2022Q4,historical,435.83,$MM,
MediCare Online,MEDI,HealthTech,Total Revenue ($MM),1/1/2023,3/31/2023,2023Q1,historical,474.74,$MM,
MediCare Online,MEDI,HealthTech,Total Revenue ($MM),4/1/2023,6/30/2023,2023Q2,historical,431.98,$MM,
MediCare Online,MEDI,HealthTech,Total Revenue ($MM),7/1/2023,9/30/2023,2023Q3,historical,400.35,$MM,
MediCare Online,MEDI,HealthTech,Total Revenue ($MM),10/1/2023,12/31/2023,2023Q4,historical,540.18,$MM,
MediCare Online,MEDI,HealthTech,Total Revenue ($MM),1/1/2024,3/31/2024,2024Q1,historical,565.33,$MM,
MediCare Online,MEDI,HealthTech,Total Revenue ($MM),4/1/2024,6/30/2024,2024Q2,historical,464.24,$MM,
MediCare Online,MEDI,HealthTech,Total Revenue ($MM),7/1/2024,9/30/2024,2024Q3,historical,464.89,$MM,
MediCare Online,MEDI,HealthTech,Total Revenue ($MM),10/1/2024,12/31/2024,2024Q4,historical,566.15,$MM,
MediCare Online,MEDI,HealthTech,Total Revenue ($MM),1/1/2025,3/31/2025,2025Q1,historical,628.82,$MM,
MediCare Online,MEDI,HealthTech,Total Revenue ($MM),4/1/2025,6/30/2025,2025Q2,historical,534.03,$MM,
MediCare Online,MEDI,HealthTech,Total Revenue ($MM),7/1/2025,9/30/2025,2025Q3,historical,553.03,$MM,
MediCare Online,MEDI,HealthTech,Total Revenue ($MM),10/1/2025,12/31/2025,2025Q4,historical,636.51,$MM,
MediCare Online,MEDI,HealthTech,Total Revenue ($MM),1/1/2026,3/31/2026,2026Q1,qtd,254.89,$MM,1/31/2026
MediCare Online,MEDI,HealthTech,Total Revenue ($MM),1/1/2026,3/31/2026,2026Q1,qtd,386.87,$MM,2/15/2026
MediCare Online,MEDI,HealthTech,Total Revenue ($MM),1/1/2026,3/31/2026,2026Q1,qtd,482.37,$MM,2/28/2026
MediCare Online,MEDI,HealthTech,Total Revenue ($MM),1/1/2026,3/31/2026,2026Q1,qtd,609.24,$MM,3/15/2026
MediCare Online,MEDI,HealthTech,U.S. Net Added Subscribers,1/1/2022,3/31/2022,2022Q1,historical,166266,subs,
MediCare Online,MEDI,HealthTech,U.S. Net Added Subscribers,4/1/2022,6/30/2022,2022Q2,historical,141015,subs,
MediCare Online,MEDI,HealthTech,U.S. Net Added Subscribers,7/1/2022,9/30/2022,2022Q3,historical,142090,subs,
MediCare Online,MEDI,HealthTech,U.S. Net Added Subscribers,10/1/2022,12/31/2022,2022Q4,historical,165422,subs,
MediCare Online,MEDI,HealthTech,U.S. Net Added Subscribers,1/1/2023,3/31/2023,2023Q1,historical,181029,subs,
MediCare Online,MEDI,HealthTech,U.S. Net Added Subscribers,4/1/2023,6/30/2023,2023Q2,historical,163723,subs,
MediCare Online,MEDI,HealthTech,U.S. Net Added Subscribers,7/1/2023,9/30/2023,2023Q3,historical,152789,subs,
MediCare Online,MEDI,HealthTech,U.S. Net Added Subscribers,10/1/2023,12/31/2023,2023Q4,historical,177944,subs,
MediCare Online,MEDI,HealthTech,U.S. Net Added Subscribers,1/1/2024,3/31/2024,2024Q1,historical,177571,subs,
MediCare Online,MEDI,HealthTech,U.S. Net Added Subscribers,4/1/2024,6/30/2024,2024Q2,historical,163272,subs,
MediCare Online,MEDI,HealthTech,U.S. Net Added Subscribers,7/1/2024,9/30/2024,2024Q3,historical,155403,subs,
MediCare Online,MEDI,HealthTech,U.S. Net Added Subscribers,10/1/2024,12/31/2024,2024Q4,historical,184950,subs,
MediCare Online,MEDI,HealthTech,U.S. Net Added Subscribers,1/1/2025,3/31/2025,2025Q1,historical,189776,subs,
MediCare Online,MEDI,HealthTech,U.S. Net Added Subscribers,4/1/2025,6/30/2025,2025Q2,historical,165690,subs,
MediCare Online,MEDI,HealthTech,U.S. Net Added Subscribers,7/1/2025,9/30/2025,2025Q3,historical,178794,subs,
MediCare Online,MEDI,HealthTech,U.S. Net Added Subscribers,10/1/2025,12/31/2025,2025Q4,historical,187749,subs,
MediCare Online,MEDI,HealthTech,U.S. Net Added Subscribers,1/1/2026,3/31/2026,2026Q1,qtd,74146,subs,1/31/2026
MediCare Online,MEDI,HealthTech,U.S. Net Added Subscribers,1/1/2026,3/31/2026,2026Q1,qtd,112536,subs,2/15/2026
MediCare Online,MEDI,HealthTech,U.S. Net Added Subscribers,1/1/2026,3/31/2026,2026Q1,qtd,140317,subs,2/28/2026
MediCare Online,MEDI,HealthTech,U.S. Net Added Subscribers,1/1/2026,3/31/2026,2026Q1,qtd,177221,subs,3/15/2026
MediCare Online,MEDI,HealthTech,Units Sold,1/1/2022,3/31/2022,2022Q1,historical,2123612,units,
MediCare Online,MEDI,HealthTech,Units Sold,4/1/2022,6/30/2022,2022Q2,historical,1937253,units,
MediCare Online,MEDI,HealthTech,Units Sold,7/1/2022,9/30/2022,2022Q3,historical,1904546,units,
MediCare Online,MEDI,HealthTech,Units Sold,10/1/2022,12/31/2022,2022Q4,historical,2085153,units,
MediCare Online,MEDI,HealthTech,Units Sold,1/1/2023,3/31/2023,2023Q1,historical,2205991,units,
MediCare Online,MEDI,HealthTech,Units Sold,4/1/2023,6/30/2023,2023Q2,historical,2133098,units,
MediCare Online,MEDI,HealthTech,Units Sold,7/1/2023,9/30/2023,2023Q3,historical,2007245,units,
MediCare Online,MEDI,HealthTech,Units Sold,10/1/2023,12/31/2023,2023Q4,historical,2385602,units,
MediCare Online,MEDI,HealthTech,Units Sold,1/1/2024,3/31/2024,2024Q1,historical,2426935,units,
MediCare Online,MEDI,HealthTech,Units Sold,4/1/2024,6/30/2024,2024Q2,historical,2153602,units,
MediCare Online,MEDI,HealthTech,Units Sold,7/1/2024,9/30/2024,2024Q3,historical,2167177,units,
MediCare Online,MEDI,HealthTech,Units Sold,10/1/2024,12/31/2024,2024Q4,historical,2360174,units,
MediCare Online,MEDI,HealthTech,Units Sold,1/1/2025,3/31/2025,2025Q1,historical,2594131,units,
MediCare Online,MEDI,HealthTech,Units Sold,4/1/2025,6/30/2025,2025Q2,historical,2361561,units,
MediCare Online,MEDI,HealthTech,Units Sold,7/1/2025,9/30/2025,2025Q3,historical,2349879,units,
MediCare Online,MEDI,HealthTech,Units Sold,10/1/2025,12/31/2025,2025Q4,historical,2526378,units,
MediCare Online,MEDI,HealthTech,Units Sold,1/1/2026,3/31/2026,2026Q1,qtd,923630,units,1/31/2026
MediCare Online,MEDI,HealthTech,Units Sold,1/1/2026,3/31/2026,2026Q1,qtd,1401852,units,2/15/2026
MediCare Online,MEDI,HealthTech,Units Sold,1/1/2026,3/31/2026,2026Q1,qtd,1747921,units,2/28/2026
MediCare Online,MEDI,HealthTech,Units Sold,1/1/2026,3/31/2026,2026Q1,qtd,2207632,units,3/15/2026
QuickRide Mobility,QRID,Rideshare,ASP ($),1/1/2022,3/31/2022,2022Q1,historical,151.94,$,
QuickRide Mobility,QRID,Rideshare,ASP ($),4/1/2022,6/30/2022,2022Q2,historical,170.26,$,
QuickRide Mobility,QRID,Rideshare,ASP ($),7/1/2022,9/30/2022,2022Q3,historical,196.7,$,
QuickRide Mobility,QRID,Rideshare,ASP ($),10/1/2022,12/31/2022,2022Q4,historical,182.22,$,
QuickRide Mobility,QRID,Rideshare,ASP ($),1/1/2023,3/31/2023,2023Q1,historical,159.54,$,
QuickRide Mobility,QRID,Rideshare,ASP ($),4/1/2023,6/30/2023,2023Q2,historical,176.46,$,
QuickRide Mobility,QRID,Rideshare,ASP ($),7/1/2023,9/30/2023,2023Q3,historical,196.27,$,
QuickRide Mobility,QRID,Rideshare,ASP ($),10/1/2023,12/31/2023,2023Q4,historical,190.96,$,
QuickRide Mobility,QRID,Rideshare,ASP ($),1/1/2024,3/31/2024,2024Q1,historical,167.34,$,
QuickRide Mobility,QRID,Rideshare,ASP ($),4/1/2024,6/30/2024,2024Q2,historical,189.64,$,
QuickRide Mobility,QRID,Rideshare,ASP ($),7/1/2024,9/30/2024,2024Q3,historical,211.93,$,
QuickRide Mobility,QRID,Rideshare,ASP ($),10/1/2024,12/31/2024,2024Q4,historical,200.03,$,
QuickRide Mobility,QRID,Rideshare,ASP ($),1/1/2025,3/31/2025,2025Q1,historical,168.19,$,
QuickRide Mobility,QRID,Rideshare,ASP ($),4/1/2025,6/30/2025,2025Q2,historical,200.23,$,
QuickRide Mobility,QRID,Rideshare,ASP ($),7/1/2025,9/30/2025,2025Q3,historical,215.9,$,
QuickRide Mobility,QRID,Rideshare,ASP ($),10/1/2025,12/31/2025,2025Q4,historical,204.09,$,
QuickRide Mobility,QRID,Rideshare,ASP ($),1/1/2026,3/31/2026,2026Q1,qtd,181.99,$,1/31/2026
QuickRide Mobility,QRID,Rideshare,ASP ($),1/1/2026,3/31/2026,2026Q1,qtd,182.4,$,2/15/2026
QuickRide Mobility,QRID,Rideshare,ASP ($),1/1/2026,3/31/2026,2026Q1,qtd,181.19,$,2/28/2026
QuickRide Mobility,QRID,Rideshare,ASP ($),1/1/2026,3/31/2026,2026Q1,qtd,182.78,$,3/15/2026
QuickRide Mobility,QRID,Rideshare,Global Net Added Subscribers,1/1/2022,3/31/2022,2022Q1,historical,293745,subs,
QuickRide Mobility,QRID,Rideshare,Global Net Added Subscribers,4/1/2022,6/30/2022,2022Q2,historical,337837,subs,
QuickRide Mobility,QRID,Rideshare,Global Net Added Subscribers,7/1/2022,9/30/2022,2022Q3,historical,338730,subs,
QuickRide Mobility,QRID,Rideshare,Global Net Added Subscribers,10/1/2022,12/31/2022,2022Q4,historical,351698,subs,
QuickRide Mobility,QRID,Rideshare,Global Net Added Subscribers,1/1/2023,3/31/2023,2023Q1,historical,305407,subs,
QuickRide Mobility,QRID,Rideshare,Global Net Added Subscribers,4/1/2023,6/30/2023,2023Q2,historical,355066,subs,
QuickRide Mobility,QRID,Rideshare,Global Net Added Subscribers,7/1/2023,9/30/2023,2023Q3,historical,377230,subs,
QuickRide Mobility,QRID,Rideshare,Global Net Added Subscribers,10/1/2023,12/31/2023,2023Q4,historical,350154,subs,
QuickRide Mobility,QRID,Rideshare,Global Net Added Subscribers,1/1/2024,3/31/2024,2024Q1,historical,299561,subs,
QuickRide Mobility,QRID,Rideshare,Global Net Added Subscribers,4/1/2024,6/30/2024,2024Q2,historical,364379,subs,
QuickRide Mobility,QRID,Rideshare,Global Net Added Subscribers,7/1/2024,9/30/2024,2024Q3,historical,372980,subs,
QuickRide Mobility,QRID,Rideshare,Global Net Added Subscribers,10/1/2024,12/31/2024,2024Q4,historical,361808,subs,
QuickRide Mobility,QRID,Rideshare,Global Net Added Subscribers,1/1/2025,3/31/2025,2025Q1,historical,335259,subs,
QuickRide Mobility,QRID,Rideshare,Global Net Added Subscribers,4/1/2025,6/30/2025,2025Q2,historical,370163,subs,
QuickRide Mobility,QRID,Rideshare,Global Net Added Subscribers,7/1/2025,9/30/2025,2025Q3,historical,411200,subs,
QuickRide Mobility,QRID,Rideshare,Global Net Added Subscribers,10/1/2025,12/31/2025,2025Q4,historical,372890,subs,
QuickRide Mobility,QRID,Rideshare,Global Net Added Subscribers,1/1/2026,3/31/2026,2026Q1,qtd,107384,subs,1/31/2026
QuickRide Mobility,QRID,Rideshare,Global Net Added Subscribers,1/1/2026,3/31/2026,2026Q1,qtd,163717,subs,2/15/2026
QuickRide Mobility,QRID,Rideshare,Global Net Added Subscribers,1/1/2026,3/31/2026,2026Q1,qtd,213582,subs,2/28/2026
QuickRide Mobility,QRID,Rideshare,Global Net Added Subscribers,1/1/2026,3/31/2026,2026Q1,qtd,266465,subs,3/15/2026
QuickRide Mobility,QRID,Rideshare,Total Revenue ($MM),1/1/2022,3/31/2022,2022Q1,historical,365.94,$MM,
QuickRide Mobility,QRID,Rideshare,Total Revenue ($MM),4/1/2022,6/30/2022,2022Q2,historical,489.47,$MM,
QuickRide Mobility,QRID,Rideshare,Total Revenue ($MM),7/1/2022,9/30/2022,2022Q3,historical,651.19,$MM,
QuickRide Mobility,QRID,Rideshare,Total Revenue ($MM),10/1/2022,12/31/2022,2022Q4,historical,567.74,$MM,
QuickRide Mobility,QRID,Rideshare,Total Revenue ($MM),1/1/2023,3/31/2023,2023Q1,historical,407.86,$MM,
QuickRide Mobility,QRID,Rideshare,Total Revenue ($MM),4/1/2023,6/30/2023,2023Q2,historical,551.95,$MM,
QuickRide Mobility,QRID,Rideshare,Total Revenue ($MM),7/1/2023,9/30/2023,2023Q3,historical,698.86,$MM,
QuickRide Mobility,QRID,Rideshare,Total Revenue ($MM),10/1/2023,12/31/2023,2023Q4,historical,623.51,$MM,
QuickRide Mobility,QRID,Rideshare,Total Revenue ($MM),1/1/2024,3/31/2024,2024Q1,historical,487.84,$MM,
QuickRide Mobility,QRID,Rideshare,Total Revenue ($MM),4/1/2024,6/30/2024,2024Q2,historical,639.88,$MM,
QuickRide Mobility,QRID,Rideshare,Total Revenue ($MM),7/1/2024,9/30/2024,2024Q3,historical,809.27,$MM,
QuickRide Mobility,QRID,Rideshare,Total Revenue ($MM),10/1/2024,12/31/2024,2024Q4,historical,707.84,$MM,
QuickRide Mobility,QRID,Rideshare,Total Revenue ($MM),1/1/2025,3/31/2025,2025Q1,historical,527.78,$MM,
QuickRide Mobility,QRID,Rideshare,Total Revenue ($MM),4/1/2025,6/30/2025,2025Q2,historical,692.51,$MM,
QuickRide Mobility,QRID,Rideshare,Total Revenue ($MM),7/1/2025,9/30/2025,2025Q3,historical,821.46,$MM,
QuickRide Mobility,QRID,Rideshare,Total Revenue ($MM),10/1/2025,12/31/2025,2025Q4,historical,795.15,$MM,
QuickRide Mobility,QRID,Rideshare,Total Revenue ($MM),1/1/2026,3/31/2026,2026Q1,qtd,193.35,$MM,1/31/2026
QuickRide Mobility,QRID,Rideshare,Total Revenue ($MM),1/1/2026,3/31/2026,2026Q1,qtd,294.77,$MM,2/15/2026
QuickRide Mobility,QRID,Rideshare,Total Revenue ($MM),1/1/2026,3/31/2026,2026Q1,qtd,384.56,$MM,2/28/2026
QuickRide Mobility,QRID,Rideshare,Total Revenue ($MM),1/1/2026,3/31/2026,2026Q1,qtd,479.77,$MM,3/15/2026
QuickRide Mobility,QRID,Rideshare,U.S. Net Added Subscribers,1/1/2022,3/31/2022,2022Q1,historical,135007,subs,
QuickRide Mobility,QRID,Rideshare,U.S. Net Added Subscribers,4/1/2022,6/30/2022,2022Q2,historical,147339,subs,
QuickRide Mobility,QRID,Rideshare,U.S. Net Added Subscribers,7/1/2022,9/30/2022,2022Q3,historical,146645,subs,
QuickRide Mobility,QRID,Rideshare,U.S. Net Added Subscribers,10/1/2022,12/31/2022,2022Q4,historical,156956,subs,
QuickRide Mobility,QRID,Rideshare,U.S. Net Added Subscribers,1/1/2023,3/31/2023,2023Q1,historical,138832,subs,
QuickRide Mobility,QRID,Rideshare,U.S. Net Added Subscribers,4/1/2023,6/30/2023,2023Q2,historical,161063,subs,
QuickRide Mobility,QRID,Rideshare,U.S. Net Added Subscribers,7/1/2023,9/30/2023,2023Q3,historical,167679,subs,
QuickRide Mobility,QRID,Rideshare,U.S. Net Added Subscribers,10/1/2023,12/31/2023,2023Q4,historical,155568,subs,
QuickRide Mobility,QRID,Rideshare,U.S. Net Added Subscribers,1/1/2024,3/31/2024,2024Q1,historical,139772,subs,
QuickRide Mobility,QRID,Rideshare,U.S. Net Added Subscribers,4/1/2024,6/30/2024,2024Q2,historical,163124,subs,
QuickRide Mobility,QRID,Rideshare,U.S. Net Added Subscribers,7/1/2024,9/30/2024,2024Q3,historical,171979,subs,
QuickRide Mobility,QRID,Rideshare,U.S. Net Added Subscribers,10/1/2024,12/31/2024,2024Q4,historical,165823,subs,
QuickRide Mobility,QRID,Rideshare,U.S. Net Added Subscribers,1/1/2025,3/31/2025,2025Q1,historical,145878,subs,
QuickRide Mobility,QRID,Rideshare,U.S. Net Added Subscribers,4/1/2025,6/30/2025,2025Q2,historical,168043,subs,
QuickRide Mobility,QRID,Rideshare,U.S. Net Added Subscribers,7/1/2025,9/30/2025,2025Q3,historical,180330,subs,
QuickRide Mobility,QRID,Rideshare,U.S. Net Added Subscribers,10/1/2025,12/31/2025,2025Q4,historical,172906,subs,
QuickRide Mobility,QRID,Rideshare,U.S. Net Added Subscribers,1/1/2026,3/31/2026,2026Q1,qtd,50055,subs,1/31/2026
QuickRide Mobility,QRID,Rideshare,U.S. Net Added Subscribers,1/1/2026,3/31/2026,2026Q1,qtd,76314,subs,2/15/2026
QuickRide Mobility,QRID,Rideshare,U.S. Net Added Subscribers,1/1/2026,3/31/2026,2026Q1,qtd,99557,subs,2/28/2026
QuickRide Mobility,QRID,Rideshare,U.S. Net Added Subscribers,1/1/2026,3/31/2026,2026Q1,qtd,124208,subs,3/15/2026
QuickRide Mobility,QRID,Rideshare,Units Sold,1/1/2022,3/31/2022,2022Q1,historical,2408405,units,
QuickRide Mobility,QRID,Rideshare,Units Sold,4/1/2022,6/30/2022,2022Q2,historical,2874856,units,
QuickRide Mobility,QRID,Rideshare,Units Sold,7/1/2022,9/30/2022,2022Q3,historical,3310544,units,
QuickRide Mobility,QRID,Rideshare,Units Sold,10/1/2022,12/31/2022,2022Q4,historical,3115682,units,
QuickRide Mobility,QRID,Rideshare,Units Sold,1/1/2023,3/31/2023,2023Q1,historical,2556494,units,
QuickRide Mobility,QRID,Rideshare,Units Sold,4/1/2023,6/30/2023,2023Q2,historical,3127967,units,
QuickRide Mobility,QRID,Rideshare,Units Sold,7/1/2023,9/30/2023,2023Q3,historical,3560661,units,
QuickRide Mobility,QRID,Rideshare,Units Sold,10/1/2023,12/31/2023,2023Q4,historical,3265168,units,
QuickRide Mobility,QRID,Rideshare,Units Sold,1/1/2024,3/31/2024,2024Q1,historical,2915277,units,
QuickRide Mobility,QRID,Rideshare,Units Sold,4/1/2024,6/30/2024,2024Q2,historical,3374123,units,
QuickRide Mobility,QRID,Rideshare,Units Sold,7/1/2024,9/30/2024,2024Q3,historical,3818624,units,
QuickRide Mobility,QRID,Rideshare,Units Sold,10/1/2024,12/31/2024,2024Q4,historical,3538696,units,
QuickRide Mobility,QRID,Rideshare,Units Sold,1/1/2025,3/31/2025,2025Q1,historical,3138088,units,
QuickRide Mobility,QRID,Rideshare,Units Sold,4/1/2025,6/30/2025,2025Q2,historical,3458499,units,
QuickRide Mobility,QRID,Rideshare,Units Sold,7/1/2025,9/30/2025,2025Q3,historical,3804769,units,
QuickRide Mobility,QRID,Rideshare,Units Sold,10/1/2025,12/31/2025,2025Q4,historical,3896139,units,
QuickRide Mobility,QRID,Rideshare,Units Sold,1/1/2026,3/31/2026,2026Q1,qtd,1076419,units,1/31/2026
QuickRide Mobility,QRID,Rideshare,Units Sold,1/1/2026,3/31/2026,2026Q1,qtd,1641093,units,2/15/2026
QuickRide Mobility,QRID,Rideshare,Units Sold,1/1/2026,3/31/2026,2026Q1,qtd,2140938,units,2/28/2026
QuickRide Mobility,QRID,Rideshare,Units Sold,1/1/2026,3/31/2026,2026Q1,qtd,2671039,units,3/15/2026
CloudNine SaaS,CLD9,Cloud,ASP ($),1/1/2022,3/31/2022,2022Q1,historical,76.8,$,
CloudNine SaaS,CLD9,Cloud,ASP ($),4/1/2022,6/30/2022,2022Q2,historical,82.9,$,
CloudNine SaaS,CLD9,Cloud,ASP ($),7/1/2022,9/30/2022,2022Q3,historical,82.53,$,
CloudNine SaaS,CLD9,Cloud,ASP ($),10/1/2022,12/31/2022,2022Q4,historical,88,$,
CloudNine SaaS,CLD9,Cloud,ASP ($),1/1/2023,3/31/2023,2023Q1,historical,80.8,$,
CloudNine SaaS,CLD9,Cloud,ASP ($),4/1/2023,6/30/2023,2023Q2,historical,84.41,$,
CloudNine SaaS,CLD9,Cloud,ASP ($),7/1/2023,9/30/2023,2023Q3,historical,82.21,$,
CloudNine SaaS,CLD9,Cloud,ASP ($),10/1/2023,12/31/2023,2023Q4,historical,89.73,$,
CloudNine SaaS,CLD9,Cloud,ASP ($),1/1/2024,3/31/2024,2024Q1,historical,84.93,$,
CloudNine SaaS,CLD9,Cloud,ASP ($),4/1/2024,6/30/2024,2024Q2,historical,88.45,$,
CloudNine SaaS,CLD9,Cloud,ASP ($),7/1/2024,9/30/2024,2024Q3,historical,85.16,$,
CloudNine SaaS,CLD9,Cloud,ASP ($),10/1/2024,12/31/2024,2024Q4,historical,96.19,$,
CloudNine SaaS,CLD9,Cloud,ASP ($),1/1/2025,3/31/2025,2025Q1,historical,82.42,$,
CloudNine SaaS,CLD9,Cloud,ASP ($),4/1/2025,6/30/2025,2025Q2,historical,88.97,$,
CloudNine SaaS,CLD9,Cloud,ASP ($),7/1/2025,9/30/2025,2025Q3,historical,88.77,$,
CloudNine SaaS,CLD9,Cloud,ASP ($),10/1/2025,12/31/2025,2025Q4,historical,96.11,$,
CloudNine SaaS,CLD9,Cloud,ASP ($),1/1/2026,3/31/2026,2026Q1,qtd,91.56,$,1/31/2026
CloudNine SaaS,CLD9,Cloud,ASP ($),1/1/2026,3/31/2026,2026Q1,qtd,87.62,$,2/15/2026
CloudNine SaaS,CLD9,Cloud,ASP ($),1/1/2026,3/31/2026,2026Q1,qtd,87.34,$,2/28/2026
CloudNine SaaS,CLD9,Cloud,ASP ($),1/1/2026,3/31/2026,2026Q1,qtd,86.9,$,3/15/2026
CloudNine SaaS,CLD9,Cloud,Global Net Added Subscribers,1/1/2022,3/31/2022,2022Q1,historical,584397,subs,
CloudNine SaaS,CLD9,Cloud,Global Net Added Subscribers,4/1/2022,6/30/2022,2022Q2,historical,622900,subs,
CloudNine SaaS,CLD9,Cloud,Global Net Added Subscribers,7/1/2022,9/30/2022,2022Q3,historical,644981,subs,
CloudNine SaaS,CLD9,Cloud,Global Net Added Subscribers,10/1/2022,12/31/2022,2022Q4,historical,673653,subs,
CloudNine SaaS,CLD9,Cloud,Global Net Added Subscribers,1/1/2023,3/31/2023,2023Q1,historical,596424,subs,
CloudNine SaaS,CLD9,Cloud,Global Net Added Subscribers,4/1/2023,6/30/2023,2023Q2,historical,698698,subs,
CloudNine SaaS,CLD9,Cloud,Global Net Added Subscribers,7/1/2023,9/30/2023,2023Q3,historical,658150,subs,
CloudNine SaaS,CLD9,Cloud,Global Net Added Subscribers,10/1/2023,12/31/2023,2023Q4,historical,748976,subs,
CloudNine SaaS,CLD9,Cloud,Global Net Added Subscribers,1/1/2024,3/31/2024,2024Q1,historical,674419,subs,
CloudNine SaaS,CLD9,Cloud,Global Net Added Subscribers,4/1/2024,6/30/2024,2024Q2,historical,742938,subs,
CloudNine SaaS,CLD9,Cloud,Global Net Added Subscribers,7/1/2024,9/30/2024,2024Q3,historical,706120,subs,
CloudNine SaaS,CLD9,Cloud,Global Net Added Subscribers,10/1/2024,12/31/2024,2024Q4,historical,827462,subs,
CloudNine SaaS,CLD9,Cloud,Global Net Added Subscribers,1/1/2025,3/31/2025,2025Q1,historical,678576,subs,
CloudNine SaaS,CLD9,Cloud,Global Net Added Subscribers,4/1/2025,6/30/2025,2025Q2,historical,807214,subs,
CloudNine SaaS,CLD9,Cloud,Global Net Added Subscribers,7/1/2025,9/30/2025,2025Q3,historical,805834,subs,
CloudNine SaaS,CLD9,Cloud,Global Net Added Subscribers,10/1/2025,12/31/2025,2025Q4,historical,856003,subs,
CloudNine SaaS,CLD9,Cloud,Global Net Added Subscribers,1/1/2026,3/31/2026,2026Q1,qtd,265019,subs,1/31/2026
CloudNine SaaS,CLD9,Cloud,Global Net Added Subscribers,1/1/2026,3/31/2026,2026Q1,qtd,389144,subs,2/15/2026
CloudNine SaaS,CLD9,Cloud,Global Net Added Subscribers,1/1/2026,3/31/2026,2026Q1,qtd,512824,subs,2/28/2026
CloudNine SaaS,CLD9,Cloud,Global Net Added Subscribers,1/1/2026,3/31/2026,2026Q1,qtd,632442,subs,3/15/2026
CloudNine SaaS,CLD9,Cloud,Total Revenue ($MM),1/1/2022,3/31/2022,2022Q1,historical,519,$MM,
CloudNine SaaS,CLD9,Cloud,Total Revenue ($MM),4/1/2022,6/30/2022,2022Q2,historical,608.67,$MM,
CloudNine SaaS,CLD9,Cloud,Total Revenue ($MM),7/1/2022,9/30/2022,2022Q3,historical,599.98,$MM,
CloudNine SaaS,CLD9,Cloud,Total Revenue ($MM),10/1/2022,12/31/2022,2022Q4,historical,701.7,$MM,
CloudNine SaaS,CLD9,Cloud,Total Revenue ($MM),1/1/2023,3/31/2023,2023Q1,historical,622.06,$MM,
CloudNine SaaS,CLD9,Cloud,Total Revenue ($MM),4/1/2023,6/30/2023,2023Q2,historical,689.78,$MM,
CloudNine SaaS,CLD9,Cloud,Total Revenue ($MM),7/1/2023,9/30/2023,2023Q3,historical,639.87,$MM,
CloudNine SaaS,CLD9,Cloud,Total Revenue ($MM),10/1/2023,12/31/2023,2023Q4,historical,773.76,$MM,
CloudNine SaaS,CLD9,Cloud,Total Revenue ($MM),1/1/2024,3/31/2024,2024Q1,historical,701.64,$MM,
CloudNine SaaS,CLD9,Cloud,Total Revenue ($MM),4/1/2024,6/30/2024,2024Q2,historical,774.04,$MM,
CloudNine SaaS,CLD9,Cloud,Total Revenue ($MM),7/1/2024,9/30/2024,2024Q3,historical,743.39,$MM,
CloudNine SaaS,CLD9,Cloud,Total Revenue ($MM),10/1/2024,12/31/2024,2024Q4,historical,939.77,$MM,
CloudNine SaaS,CLD9,Cloud,Total Revenue ($MM),1/1/2025,3/31/2025,2025Q1,historical,747.32,$MM,
CloudNine SaaS,CLD9,Cloud,Total Revenue ($MM),4/1/2025,6/30/2025,2025Q2,historical,836.66,$MM,
CloudNine SaaS,CLD9,Cloud,Total Revenue ($MM),7/1/2025,9/30/2025,2025Q3,historical,856.64,$MM,
CloudNine SaaS,CLD9,Cloud,Total Revenue ($MM),10/1/2025,12/31/2025,2025Q4,historical,1022.14,$MM,
CloudNine SaaS,CLD9,Cloud,Total Revenue ($MM),1/1/2026,3/31/2026,2026Q1,qtd,295.02,$MM,1/31/2026
CloudNine SaaS,CLD9,Cloud,Total Revenue ($MM),1/1/2026,3/31/2026,2026Q1,qtd,433.2,$MM,2/15/2026
CloudNine SaaS,CLD9,Cloud,Total Revenue ($MM),1/1/2026,3/31/2026,2026Q1,qtd,570.88,$MM,2/28/2026
CloudNine SaaS,CLD9,Cloud,Total Revenue ($MM),1/1/2026,3/31/2026,2026Q1,qtd,704.04,$MM,3/15/2026
CloudNine SaaS,CLD9,Cloud,U.S. Net Added Subscribers,1/1/2022,3/31/2022,2022Q1,historical,299175,subs,
CloudNine SaaS,CLD9,Cloud,U.S. Net Added Subscribers,4/1/2022,6/30/2022,2022Q2,historical,321978,subs,
CloudNine SaaS,CLD9,Cloud,U.S. Net Added Subscribers,7/1/2022,9/30/2022,2022Q3,historical,329244,subs,
CloudNine SaaS,CLD9,Cloud,U.S. Net Added Subscribers,10/1/2022,12/31/2022,2022Q4,historical,339638,subs,
CloudNine SaaS,CLD9,Cloud,U.S. Net Added Subscribers,1/1/2023,3/31/2023,2023Q1,historical,303104,subs,
CloudNine SaaS,CLD9,Cloud,U.S. Net Added Subscribers,4/1/2023,6/30/2023,2023Q2,historical,364039,subs,
CloudNine SaaS,CLD9,Cloud,U.S. Net Added Subscribers,7/1/2023,9/30/2023,2023Q3,historical,334777,subs,
CloudNine SaaS,CLD9,Cloud,U.S. Net Added Subscribers,10/1/2023,12/31/2023,2023Q4,historical,382436,subs,
CloudNine SaaS,CLD9,Cloud,U.S. Net Added Subscribers,1/1/2024,3/31/2024,2024Q1,historical,340213,subs,
CloudNine SaaS,CLD9,Cloud,U.S. Net Added Subscribers,4/1/2024,6/30/2024,2024Q2,historical,388617,subs,
CloudNine SaaS,CLD9,Cloud,U.S. Net Added Subscribers,7/1/2024,9/30/2024,2024Q3,historical,354004,subs,
CloudNine SaaS,CLD9,Cloud,U.S. Net Added Subscribers,10/1/2024,12/31/2024,2024Q4,historical,426862,subs,
CloudNine SaaS,CLD9,Cloud,U.S. Net Added Subscribers,1/1/2025,3/31/2025,2025Q1,historical,342957,subs,
CloudNine SaaS,CLD9,Cloud,U.S. Net Added Subscribers,4/1/2025,6/30/2025,2025Q2,historical,406939,subs,
CloudNine SaaS,CLD9,Cloud,U.S. Net Added Subscribers,7/1/2025,9/30/2025,2025Q3,historical,409838,subs,
CloudNine SaaS,CLD9,Cloud,U.S. Net Added Subscribers,10/1/2025,12/31/2025,2025Q4,historical,457947,subs,
CloudNine SaaS,CLD9,Cloud,U.S. Net Added Subscribers,1/1/2026,3/31/2026,2026Q1,qtd,139018,subs,1/31/2026
CloudNine SaaS,CLD9,Cloud,U.S. Net Added Subscribers,1/1/2026,3/31/2026,2026Q1,qtd,204130,subs,2/15/2026
CloudNine SaaS,CLD9,Cloud,U.S. Net Added Subscribers,1/1/2026,3/31/2026,2026Q1,qtd,269007,subs,2/28/2026
CloudNine SaaS,CLD9,Cloud,U.S. Net Added Subscribers,1/1/2026,3/31/2026,2026Q1,qtd,331754,subs,3/15/2026
CloudNine SaaS,CLD9,Cloud,Units Sold,1/1/2022,3/31/2022,2022Q1,historical,6758054,units,
CloudNine SaaS,CLD9,Cloud,Units Sold,4/1/2022,6/30/2022,2022Q2,historical,7342659,units,
CloudNine SaaS,CLD9,Cloud,Units Sold,7/1/2022,9/30/2022,2022Q3,historical,7270115,units,
CloudNine SaaS,CLD9,Cloud,Units Sold,10/1/2022,12/31/2022,2022Q4,historical,7974162,units,
CloudNine SaaS,CLD9,Cloud,Units Sold,1/1/2023,3/31/2023,2023Q1,historical,7698790,units,
CloudNine SaaS,CLD9,Cloud,Units Sold,4/1/2023,6/30/2023,2023Q2,historical,8171854,units,
CloudNine SaaS,CLD9,Cloud,Units Sold,7/1/2023,9/30/2023,2023Q3,historical,7783200,units,
CloudNine SaaS,CLD9,Cloud,Units Sold,10/1/2023,12/31/2023,2023Q4,historical,8622943,units,
CloudNine SaaS,CLD9,Cloud,Units Sold,1/1/2024,3/31/2024,2024Q1,historical,8261537,units,
CloudNine SaaS,CLD9,Cloud,Units Sold,4/1/2024,6/30/2024,2024Q2,historical,8751319,units,
CloudNine SaaS,CLD9,Cloud,Units Sold,7/1/2024,9/30/2024,2024Q3,historical,8729598,units,
CloudNine SaaS,CLD9,Cloud,Units Sold,10/1/2024,12/31/2024,2024Q4,historical,9770160,units,
CloudNine SaaS,CLD9,Cloud,Units Sold,1/1/2025,3/31/2025,2025Q1,historical,9067525,units,
CloudNine SaaS,CLD9,Cloud,Units Sold,4/1/2025,6/30/2025,2025Q2,historical,9404260,units,
CloudNine SaaS,CLD9,Cloud,Units Sold,7/1/2025,9/30/2025,2025Q3,historical,9650490,units,
CloudNine SaaS,CLD9,Cloud,Units Sold,10/1/2025,12/31/2025,2025Q4,historical,10635478,units,
CloudNine SaaS,CLD9,Cloud,Units Sold,1/1/2026,3/31/2026,2026Q1,qtd,3308513,units,1/31/2026
CloudNine SaaS,CLD9,Cloud,Units Sold,1/1/2026,3/31/2026,2026Q1,qtd,4858108,units,2/15/2026
CloudNine SaaS,CLD9,Cloud,Units Sold,1/1/2026,3/31/2026,2026Q1,qtd,6402138,units,2/28/2026
CloudNine SaaS,CLD9,Cloud,Units Sold,1/1/2026,3/31/2026,2026Q1,qtd,7895460,units,3/15/2026
NoshBox Food,NOSH,Restaurant Tech,ASP ($),1/1/2022,3/31/2022,2022Q1,historical,24.99,$,
NoshBox Food,NOSH,Restaurant Tech,ASP ($),4/1/2022,6/30/2022,2022Q2,historical,28.49,$,
NoshBox Food,NOSH,Restaurant Tech,ASP ($),7/1/2022,9/30/2022,2022Q3,historical,30.57,$,
NoshBox Food,NOSH,Restaurant Tech,ASP ($),10/1/2022,12/31/2022,2022Q4,historical,30.36,$,
NoshBox Food,NOSH,Restaurant Tech,ASP ($),1/1/2023,3/31/2023,2023Q1,historical,27.47,$,
NoshBox Food,NOSH,Restaurant Tech,ASP ($),4/1/2023,6/30/2023,2023Q2,historical,30,$,
NoshBox Food,NOSH,Restaurant Tech,ASP ($),7/1/2023,9/30/2023,2023Q3,historical,31.55,$,
NoshBox Food,NOSH,Restaurant Tech,ASP ($),10/1/2023,12/31/2023,2023Q4,historical,32.63,$,
NoshBox Food,NOSH,Restaurant Tech,ASP ($),1/1/2024,3/31/2024,2024Q1,historical,28,$,
NoshBox Food,NOSH,Restaurant Tech,ASP ($),4/1/2024,6/30/2024,2024Q2,historical,31.57,$,
NoshBox Food,NOSH,Restaurant Tech,ASP ($),7/1/2024,9/30/2024,2024Q3,historical,34.7,$,
NoshBox Food,NOSH,Restaurant Tech,ASP ($),10/1/2024,12/31/2024,2024Q4,historical,32.68,$,
NoshBox Food,NOSH,Restaurant Tech,ASP ($),1/1/2025,3/31/2025,2025Q1,historical,31.2,$,
NoshBox Food,NOSH,Restaurant Tech,ASP ($),4/1/2025,6/30/2025,2025Q2,historical,34.2,$,
NoshBox Food,NOSH,Restaurant Tech,ASP ($),7/1/2025,9/30/2025,2025Q3,historical,36.08,$,
NoshBox Food,NOSH,Restaurant Tech,ASP ($),10/1/2025,12/31/2025,2025Q4,historical,35.08,$,
NoshBox Food,NOSH,Restaurant Tech,ASP ($),1/1/2026,3/31/2026,2026Q1,qtd,32.12,$,1/31/2026
NoshBox Food,NOSH,Restaurant Tech,ASP ($),1/1/2026,3/31/2026,2026Q1,qtd,32.39,$,2/15/2026
NoshBox Food,NOSH,Restaurant Tech,ASP ($),1/1/2026,3/31/2026,2026Q1,qtd,31.92,$,2/28/2026
NoshBox Food,NOSH,Restaurant Tech,ASP ($),1/1/2026,3/31/2026,2026Q1,qtd,31.82,$,3/15/2026
NoshBox Food,NOSH,Restaurant Tech,Global Net Added Subscribers,1/1/2022,3/31/2022,2022Q1,historical,704043,subs,
NoshBox Food,NOSH,Restaurant Tech,Global Net Added Subscribers,4/1/2022,6/30/2022,2022Q2,historical,794486,subs,
NoshBox Food,NOSH,Restaurant Tech,Global Net Added Subscribers,7/1/2022,9/30/2022,2022Q3,historical,815341,subs,
NoshBox Food,NOSH,Restaurant Tech,Global Net Added Subscribers,10/1/2022,12/31/2022,2022Q4,historical,777642,subs,
NoshBox Food,NOSH,Restaurant Tech,Global Net Added Subscribers,1/1/2023,3/31/2023,2023Q1,historical,743610,subs,
NoshBox Food,NOSH,Restaurant Tech,Global Net Added Subscribers,4/1/2023,6/30/2023,2023Q2,historical,823912,subs,
NoshBox Food,NOSH,Restaurant Tech,Global Net Added Subscribers,7/1/2023,9/30/2023,2023Q3,historical,833634,subs,
NoshBox Food,NOSH,Restaurant Tech,Global Net Added Subscribers,10/1/2023,12/31/2023,2023Q4,historical,808380,subs,
NoshBox Food,NOSH,Restaurant Tech,Global Net Added Subscribers,1/1/2024,3/31/2024,2024Q1,historical,730201,subs,
NoshBox Food,NOSH,Restaurant Tech,Global Net Added Subscribers,4/1/2024,6/30/2024,2024Q2,historical,857816,subs,
NoshBox Food,NOSH,Restaurant Tech,Global Net Added Subscribers,7/1/2024,9/30/2024,2024Q3,historical,859248,subs,
NoshBox Food,NOSH,Restaurant Tech,Global Net Added Subscribers,10/1/2024,12/31/2024,2024Q4,historical,832615,subs,
NoshBox Food,NOSH,Restaurant Tech,Global Net Added Subscribers,1/1/2025,3/31/2025,2025Q1,historical,774035,subs,
NoshBox Food,NOSH,Restaurant Tech,Global Net Added Subscribers,4/1/2025,6/30/2025,2025Q2,historical,843785,subs,
NoshBox Food,NOSH,Restaurant Tech,Global Net Added Subscribers,7/1/2025,9/30/2025,2025Q3,historical,857209,subs,
NoshBox Food,NOSH,Restaurant Tech,Global Net Added Subscribers,10/1/2025,12/31/2025,2025Q4,historical,889157,subs,
NoshBox Food,NOSH,Restaurant Tech,Global Net Added Subscribers,1/1/2026,3/31/2026,2026Q1,qtd,263621,subs,1/31/2026
NoshBox Food,NOSH,Restaurant Tech,Global Net Added Subscribers,1/1/2026,3/31/2026,2026Q1,qtd,404703,subs,2/15/2026
NoshBox Food,NOSH,Restaurant Tech,Global Net Added Subscribers,1/1/2026,3/31/2026,2026Q1,qtd,514579,subs,2/28/2026
NoshBox Food,NOSH,Restaurant Tech,Global Net Added Subscribers,1/1/2026,3/31/2026,2026Q1,qtd,637948,subs,3/15/2026
NoshBox Food,NOSH,Restaurant Tech,Total Revenue ($MM),1/1/2022,3/31/2022,2022Q1,historical,274.81,$MM,
NoshBox Food,NOSH,Restaurant Tech,Total Revenue ($MM),4/1/2022,6/30/2022,2022Q2,historical,358.08,$MM,
NoshBox Food,NOSH,Restaurant Tech,Total Revenue ($MM),7/1/2022,9/30/2022,2022Q3,historical,406.23,$MM,
NoshBox Food,NOSH,Restaurant Tech,Total Revenue ($MM),10/1/2022,12/31/2022,2022Q4,historical,400.02,$MM,
NoshBox Food,NOSH,Restaurant Tech,Total Revenue ($MM),1/1/2023,3/31/2023,2023Q1,historical,325.95,$MM,
NoshBox Food,NOSH,Restaurant Tech,Total Revenue ($MM),4/1/2023,6/30/2023,2023Q2,historical,380.02,$MM,
NoshBox Food,NOSH,Restaurant Tech,Total Revenue ($MM),7/1/2023,9/30/2023,2023Q3,historical,409.34,$MM,
NoshBox Food,NOSH,Restaurant Tech,Total Revenue ($MM),10/1/2023,12/31/2023,2023Q4,historical,432.44,$MM,
NoshBox Food,NOSH,Restaurant Tech,Total Revenue ($MM),1/1/2024,3/31/2024,2024Q1,historical,332.86,$MM,
NoshBox Food,NOSH,Restaurant Tech,Total Revenue ($MM),4/1/2024,6/30/2024,2024Q2,historical,438.28,$MM,
NoshBox Food,NOSH,Restaurant Tech,Total Revenue ($MM),7/1/2024,9/30/2024,2024Q3,historical,502.25,$MM,
NoshBox Food,NOSH,Restaurant Tech,Total Revenue ($MM),10/1/2024,12/31/2024,2024Q4,historical,459.87,$MM,
NoshBox Food,NOSH,Restaurant Tech,Total Revenue ($MM),1/1/2025,3/31/2025,2025Q1,historical,378.2,$MM,
NoshBox Food,NOSH,Restaurant Tech,Total Revenue ($MM),4/1/2025,6/30/2025,2025Q2,historical,460.85,$MM,
NoshBox Food,NOSH,Restaurant Tech,Total Revenue ($MM),7/1/2025,9/30/2025,2025Q3,historical,537.54,$MM,
NoshBox Food,NOSH,Restaurant Tech,Total Revenue ($MM),10/1/2025,12/31/2025,2025Q4,historical,521.25,$MM,
NoshBox Food,NOSH,Restaurant Tech,Total Revenue ($MM),1/1/2026,3/31/2026,2026Q1,qtd,138.61,$MM,1/31/2026
NoshBox Food,NOSH,Restaurant Tech,Total Revenue ($MM),1/1/2026,3/31/2026,2026Q1,qtd,212.79,$MM,2/15/2026
NoshBox Food,NOSH,Restaurant Tech,Total Revenue ($MM),1/1/2026,3/31/2026,2026Q1,qtd,270.56,$MM,2/28/2026
NoshBox Food,NOSH,Restaurant Tech,Total Revenue ($MM),1/1/2026,3/31/2026,2026Q1,qtd,335.43,$MM,3/15/2026
NoshBox Food,NOSH,Restaurant Tech,U.S. Net Added Subscribers,1/1/2022,3/31/2022,2022Q1,historical,401526,subs,
NoshBox Food,NOSH,Restaurant Tech,U.S. Net Added Subscribers,4/1/2022,6/30/2022,2022Q2,historical,459107,subs,
NoshBox Food,NOSH,Restaurant Tech,U.S. Net Added Subscribers,7/1/2022,9/30/2022,2022Q3,historical,477629,subs,
NoshBox Food,NOSH,Restaurant Tech,U.S. Net Added Subscribers,10/1/2022,12/31/2022,2022Q4,historical,452640,subs,
NoshBox Food,NOSH,Restaurant Tech,U.S. Net Added Subscribers,1/1/2023,3/31/2023,2023Q1,historical,416506,subs,
NoshBox Food,NOSH,Restaurant Tech,U.S. Net Added Subscribers,4/1/2023,6/30/2023,2023Q2,historical,480515,subs,
NoshBox Food,NOSH,Restaurant Tech,U.S. Net Added Subscribers,7/1/2023,9/30/2023,2023Q3,historical,491234,subs,
NoshBox Food,NOSH,Restaurant Tech,U.S. Net Added Subscribers,10/1/2023,12/31/2023,2023Q4,historical,453123,subs,
NoshBox Food,NOSH,Restaurant Tech,U.S. Net Added Subscribers,1/1/2024,3/31/2024,2024Q1,historical,415059,subs,
NoshBox Food,NOSH,Restaurant Tech,U.S. Net Added Subscribers,4/1/2024,6/30/2024,2024Q2,historical,500526,subs,
NoshBox Food,NOSH,Restaurant Tech,U.S. Net Added Subscribers,7/1/2024,9/30/2024,2024Q3,historical,489174,subs,
NoshBox Food,NOSH,Restaurant Tech,U.S. Net Added Subscribers,10/1/2024,12/31/2024,2024Q4,historical,488770,subs,
NoshBox Food,NOSH,Restaurant Tech,U.S. Net Added Subscribers,1/1/2025,3/31/2025,2025Q1,historical,453781,subs,
NoshBox Food,NOSH,Restaurant Tech,U.S. Net Added Subscribers,4/1/2025,6/30/2025,2025Q2,historical,482869,subs,
NoshBox Food,NOSH,Restaurant Tech,U.S. Net Added Subscribers,7/1/2025,9/30/2025,2025Q3,historical,504885,subs,
NoshBox Food,NOSH,Restaurant Tech,U.S. Net Added Subscribers,10/1/2025,12/31/2025,2025Q4,historical,517778,subs,
NoshBox Food,NOSH,Restaurant Tech,U.S. Net Added Subscribers,1/1/2026,3/31/2026,2026Q1,qtd,158652,subs,1/31/2026
NoshBox Food,NOSH,Restaurant Tech,U.S. Net Added Subscribers,1/1/2026,3/31/2026,2026Q1,qtd,243558,subs,2/15/2026
NoshBox Food,NOSH,Restaurant Tech,U.S. Net Added Subscribers,1/1/2026,3/31/2026,2026Q1,qtd,309683,subs,2/28/2026
NoshBox Food,NOSH,Restaurant Tech,U.S. Net Added Subscribers,1/1/2026,3/31/2026,2026Q1,qtd,383928,subs,3/15/2026
NoshBox Food,NOSH,Restaurant Tech,Units Sold,1/1/2022,3/31/2022,2022Q1,historical,10996285,units,
NoshBox Food,NOSH,Restaurant Tech,Units Sold,4/1/2022,6/30/2022,2022Q2,historical,12567078,units,
NoshBox Food,NOSH,Restaurant Tech,Units Sold,7/1/2022,9/30/2022,2022Q3,historical,13289151,units,
NoshBox Food,NOSH,Restaurant Tech,Units Sold,10/1/2022,12/31/2022,2022Q4,historical,13176325,units,
NoshBox Food,NOSH,Restaurant Tech,Units Sold,1/1/2023,3/31/2023,2023Q1,historical,11863623,units,
NoshBox Food,NOSH,Restaurant Tech,Units Sold,4/1/2023,6/30/2023,2023Q2,historical,12666367,units,
NoshBox Food,NOSH,Restaurant Tech,Units Sold,7/1/2023,9/30/2023,2023Q3,historical,12973208,units,
NoshBox Food,NOSH,Restaurant Tech,Units Sold,10/1/2023,12/31/2023,2023Q4,historical,13252094,units,
NoshBox Food,NOSH,Restaurant Tech,Units Sold,1/1/2024,3/31/2024,2024Q1,historical,11889732,units,
NoshBox Food,NOSH,Restaurant Tech,Units Sold,4/1/2024,6/30/2024,2024Q2,historical,13881385,units,
NoshBox Food,NOSH,Restaurant Tech,Units Sold,7/1/2024,9/30/2024,2024Q3,historical,14474492,units,
NoshBox Food,NOSH,Restaurant Tech,Units Sold,10/1/2024,12/31/2024,2024Q4,historical,14072370,units,
NoshBox Food,NOSH,Restaurant Tech,Units Sold,1/1/2025,3/31/2025,2025Q1,historical,12123163,units,
NoshBox Food,NOSH,Restaurant Tech,Units Sold,4/1/2025,6/30/2025,2025Q2,historical,13474734,units,
NoshBox Food,NOSH,Restaurant Tech,Units Sold,7/1/2025,9/30/2025,2025Q3,historical,14897870,units,
NoshBox Food,NOSH,Restaurant Tech,Units Sold,10/1/2025,12/31/2025,2025Q4,historical,14860643,units,
NoshBox Food,NOSH,Restaurant Tech,Units Sold,1/1/2026,3/31/2026,2026Q1,qtd,4319460,units,1/31/2026
NoshBox Food,NOSH,Restaurant Tech,Units Sold,1/1/2026,3/31/2026,2026Q1,qtd,6631112,units,2/15/2026
NoshBox Food,NOSH,Restaurant Tech,Units Sold,1/1/2026,3/31/2026,2026Q1,qtd,8431438,units,2/28/2026
NoshBox Food,NOSH,Restaurant Tech,Units Sold,1/1/2026,3/31/2026,2026Q1,qtd,10452858,units,3/15/2026
AdVantage Digital,ADVT,AdTech,ASP ($),1/1/2022,3/31/2022,2022Q1,historical,10.72,$,
AdVantage Digital,ADVT,AdTech,ASP ($),4/1/2022,6/30/2022,2022Q2,historical,11.88,$,
AdVantage Digital,ADVT,AdTech,ASP ($),7/1/2022,9/30/2022,2022Q3,historical,11.89,$,
AdVantage Digital,ADVT,AdTech,ASP ($),10/1/2022,12/31/2022,2022Q4,historical,13.92,$,
AdVantage Digital,ADVT,AdTech,ASP ($),1/1/2023,3/31/2023,2023Q1,historical,11.18,$,
AdVantage Digital,ADVT,AdTech,ASP ($),4/1/2023,6/30/2023,2023Q2,historical,12.42,$,
AdVantage Digital,ADVT,AdTech,ASP ($),7/1/2023,9/30/2023,2023Q3,historical,12.34,$,
AdVantage Digital,ADVT,AdTech,ASP ($),10/1/2023,12/31/2023,2023Q4,historical,14.66,$,
AdVantage Digital,ADVT,AdTech,ASP ($),1/1/2024,3/31/2024,2024Q1,historical,11.42,$,
AdVantage Digital,ADVT,AdTech,ASP ($),4/1/2024,6/30/2024,2024Q2,historical,12.46,$,
AdVantage Digital,ADVT,AdTech,ASP ($),7/1/2024,9/30/2024,2024Q3,historical,12.7,$,
AdVantage Digital,ADVT,AdTech,ASP ($),10/1/2024,12/31/2024,2024Q4,historical,15.02,$,
AdVantage Digital,ADVT,AdTech,ASP ($),1/1/2025,3/31/2025,2025Q1,historical,11.52,$,
AdVantage Digital,ADVT,AdTech,ASP ($),4/1/2025,6/30/2025,2025Q2,historical,12.64,$,
AdVantage Digital,ADVT,AdTech,ASP ($),7/1/2025,9/30/2025,2025Q3,historical,13.45,$,
AdVantage Digital,ADVT,AdTech,ASP ($),10/1/2025,12/31/2025,2025Q4,historical,15.74,$,
AdVantage Digital,ADVT,AdTech,ASP ($),1/1/2026,3/31/2026,2026Q1,qtd,12.42,$,1/31/2026
AdVantage Digital,ADVT,AdTech,ASP ($),1/1/2026,3/31/2026,2026Q1,qtd,12.11,$,2/15/2026
AdVantage Digital,ADVT,AdTech,ASP ($),1/1/2026,3/31/2026,2026Q1,qtd,12.12,$,2/28/2026
AdVantage Digital,ADVT,AdTech,ASP ($),1/1/2026,3/31/2026,2026Q1,qtd,12.08,$,3/15/2026
AdVantage Digital,ADVT,AdTech,Global Net Added Subscribers,1/1/2022,3/31/2022,2022Q1,historical,453081,subs,
AdVantage Digital,ADVT,AdTech,Global Net Added Subscribers,4/1/2022,6/30/2022,2022Q2,historical,481800,subs,
AdVantage Digital,ADVT,AdTech,Global Net Added Subscribers,7/1/2022,9/30/2022,2022Q3,historical,494979,subs,
AdVantage Digital,ADVT,AdTech,Global Net Added Subscribers,10/1/2022,12/31/2022,2022Q4,historical,546841,subs,
AdVantage Digital,ADVT,AdTech,Global Net Added Subscribers,1/1/2023,3/31/2023,2023Q1,historical,457759,subs,
AdVantage Digital,ADVT,AdTech,Global Net Added Subscribers,4/1/2023,6/30/2023,2023Q2,historical,515412,subs,
AdVantage Digital,ADVT,AdTech,Global Net Added Subscribers,7/1/2023,9/30/2023,2023Q3,historical,534000,subs,
AdVantage Digital,ADVT,AdTech,Global Net Added Subscribers,10/1/2023,12/31/2023,2023Q4,historical,589969,subs,
AdVantage Digital,ADVT,AdTech,Global Net Added Subscribers,1/1/2024,3/31/2024,2024Q1,historical,467490,subs,
AdVantage Digital,ADVT,AdTech,Global Net Added Subscribers,4/1/2024,6/30/2024,2024Q2,historical,525375,subs,
AdVantage Digital,ADVT,AdTech,Global Net Added Subscribers,7/1/2024,9/30/2024,2024Q3,historical,534828,subs,
AdVantage Digital,ADVT,AdTech,Global Net Added Subscribers,10/1/2024,12/31/2024,2024Q4,historical,591346,subs,
AdVantage Digital,ADVT,AdTech,Global Net Added Subscribers,1/1/2025,3/31/2025,2025Q1,historical,495384,subs,
AdVantage Digital,ADVT,AdTech,Global Net Added Subscribers,4/1/2025,6/30/2025,2025Q2,historical,550207,subs,
AdVantage Digital,ADVT,AdTech,Global Net Added Subscribers,7/1/2025,9/30/2025,2025Q3,historical,565249,subs,
AdVantage Digital,ADVT,AdTech,Global Net Added Subscribers,10/1/2025,12/31/2025,2025Q4,historical,623026,subs,
AdVantage Digital,ADVT,AdTech,Global Net Added Subscribers,1/1/2026,3/31/2026,2026Q1,qtd,168510,subs,1/31/2026
AdVantage Digital,ADVT,AdTech,Global Net Added Subscribers,1/1/2026,3/31/2026,2026Q1,qtd,255627,subs,2/15/2026
AdVantage Digital,ADVT,AdTech,Global Net Added Subscribers,1/1/2026,3/31/2026,2026Q1,qtd,326271,subs,2/28/2026
AdVantage Digital,ADVT,AdTech,Global Net Added Subscribers,1/1/2026,3/31/2026,2026Q1,qtd,413532,subs,3/15/2026
AdVantage Digital,ADVT,AdTech,Total Revenue ($MM),1/1/2022,3/31/2022,2022Q1,historical,209.67,$MM,
AdVantage Digital,ADVT,AdTech,Total Revenue ($MM),4/1/2022,6/30/2022,2022Q2,historical,269.6,$MM,
AdVantage Digital,ADVT,AdTech,Total Revenue ($MM),7/1/2022,9/30/2022,2022Q3,historical,281.39,$MM,
AdVantage Digital,ADVT,AdTech,Total Revenue ($MM),10/1/2022,12/31/2022,2022Q4,historical,376.37,$MM,
AdVantage Digital,ADVT,AdTech,Total Revenue ($MM),1/1/2023,3/31/2023,2023Q1,historical,240.12,$MM,
AdVantage Digital,ADVT,AdTech,Total Revenue ($MM),4/1/2023,6/30/2023,2023Q2,historical,292.72,$MM,
AdVantage Digital,ADVT,AdTech,Total Revenue ($MM),7/1/2023,9/30/2023,2023Q3,historical,310.31,$MM,
AdVantage Digital,ADVT,AdTech,Total Revenue ($MM),10/1/2023,12/31/2023,2023Q4,historical,419.98,$MM,
AdVantage Digital,ADVT,AdTech,Total Revenue ($MM),1/1/2024,3/31/2024,2024Q1,historical,262.44,$MM,
AdVantage Digital,ADVT,AdTech,Total Revenue ($MM),4/1/2024,6/30/2024,2024Q2,historical,326.33,$MM,
AdVantage Digital,ADVT,AdTech,Total Revenue ($MM),7/1/2024,9/30/2024,2024Q3,historical,328.57,$MM,
AdVantage Digital,ADVT,AdTech,Total Revenue ($MM),10/1/2024,12/31/2024,2024Q4,historical,453.33,$MM,
AdVantage Digital,ADVT,AdTech,Total Revenue ($MM),1/1/2025,3/31/2025,2025Q1,historical,277.17,$MM,
AdVantage Digital,ADVT,AdTech,Total Revenue ($MM),4/1/2025,6/30/2025,2025Q2,historical,348.96,$MM,
AdVantage Digital,ADVT,AdTech,Total Revenue ($MM),7/1/2025,9/30/2025,2025Q3,historical,365.98,$MM,
AdVantage Digital,ADVT,AdTech,Total Revenue ($MM),10/1/2025,12/31/2025,2025Q4,historical,520.29,$MM,
AdVantage Digital,ADVT,AdTech,Total Revenue ($MM),1/1/2026,3/31/2026,2026Q1,qtd,106.74,$MM,1/31/2026
AdVantage Digital,ADVT,AdTech,Total Revenue ($MM),1/1/2026,3/31/2026,2026Q1,qtd,161.92,$MM,2/15/2026
AdVantage Digital,ADVT,AdTech,Total Revenue ($MM),1/1/2026,3/31/2026,2026Q1,qtd,206.67,$MM,2/28/2026
AdVantage Digital,ADVT,AdTech,Total Revenue ($MM),1/1/2026,3/31/2026,2026Q1,qtd,261.94,$MM,3/15/2026
AdVantage Digital,ADVT,AdTech,U.S. Net Added Subscribers,1/1/2022,3/31/2022,2022Q1,historical,194628,subs,
AdVantage Digital,ADVT,AdTech,U.S. Net Added Subscribers,4/1/2022,6/30/2022,2022Q2,historical,215354,subs,
AdVantage Digital,ADVT,AdTech,U.S. Net Added Subscribers,7/1/2022,9/30/2022,2022Q3,historical,213248,subs,
AdVantage Digital,ADVT,AdTech,U.S. Net Added Subscribers,10/1/2022,12/31/2022,2022Q4,historical,232780,subs,
AdVantage Digital,ADVT,AdTech,U.S. Net Added Subscribers,1/1/2023,3/31/2023,2023Q1,historical,195250,subs,
AdVantage Digital,ADVT,AdTech,U.S. Net Added Subscribers,4/1/2023,6/30/2023,2023Q2,historical,226942,subs,
AdVantage Digital,ADVT,AdTech,U.S. Net Added Subscribers,7/1/2023,9/30/2023,2023Q3,historical,230143,subs,
AdVantage Digital,ADVT,AdTech,U.S. Net Added Subscribers,10/1/2023,12/31/2023,2023Q4,historical,259757,subs,
AdVantage Digital,ADVT,AdTech,U.S. Net Added Subscribers,1/1/2024,3/31/2024,2024Q1,historical,210468,subs,
AdVantage Digital,ADVT,AdTech,U.S. Net Added Subscribers,4/1/2024,6/30/2024,2024Q2,historical,237093,subs,
AdVantage Digital,ADVT,AdTech,U.S. Net Added Subscribers,7/1/2024,9/30/2024,2024Q3,historical,244717,subs,
AdVantage Digital,ADVT,AdTech,U.S. Net Added Subscribers,10/1/2024,12/31/2024,2024Q4,historical,256968,subs,
AdVantage Digital,ADVT,AdTech,U.S. Net Added Subscribers,1/1/2025,3/31/2025,2025Q1,historical,214861,subs,
AdVantage Digital,ADVT,AdTech,U.S. Net Added Subscribers,4/1/2025,6/30/2025,2025Q2,historical,236931,subs,
AdVantage Digital,ADVT,AdTech,U.S. Net Added Subscribers,7/1/2025,9/30/2025,2025Q3,historical,252793,subs,
AdVantage Digital,ADVT,AdTech,U.S. Net Added Subscribers,10/1/2025,12/31/2025,2025Q4,historical,281165,subs,
AdVantage Digital,ADVT,AdTech,U.S. Net Added Subscribers,1/1/2026,3/31/2026,2026Q1,qtd,74158,subs,1/31/2026
AdVantage Digital,ADVT,AdTech,U.S. Net Added Subscribers,1/1/2026,3/31/2026,2026Q1,qtd,112496,subs,2/15/2026
AdVantage Digital,ADVT,AdTech,U.S. Net Added Subscribers,1/1/2026,3/31/2026,2026Q1,qtd,143585,subs,2/28/2026
AdVantage Digital,ADVT,AdTech,U.S. Net Added Subscribers,1/1/2026,3/31/2026,2026Q1,qtd,181987,subs,3/15/2026
AdVantage Digital,ADVT,AdTech,Units Sold,1/1/2022,3/31/2022,2022Q1,historical,19554233,units,
AdVantage Digital,ADVT,AdTech,Units Sold,4/1/2022,6/30/2022,2022Q2,historical,22699008,units,
AdVantage Digital,ADVT,AdTech,Units Sold,7/1/2022,9/30/2022,2022Q3,historical,23662115,units,
AdVantage Digital,ADVT,AdTech,Units Sold,10/1/2022,12/31/2022,2022Q4,historical,27032533,units,
AdVantage Digital,ADVT,AdTech,Units Sold,1/1/2023,3/31/2023,2023Q1,historical,21478861,units,
AdVantage Digital,ADVT,AdTech,Units Sold,4/1/2023,6/30/2023,2023Q2,historical,23568460,units,
AdVantage Digital,ADVT,AdTech,Units Sold,7/1/2023,9/30/2023,2023Q3,historical,25141192,units,
AdVantage Digital,ADVT,AdTech,Units Sold,10/1/2023,12/31/2023,2023Q4,historical,28645178,units,
AdVantage Digital,ADVT,AdTech,Units Sold,1/1/2024,3/31/2024,2024Q1,historical,22980237,units,
AdVantage Digital,ADVT,AdTech,Units Sold,4/1/2024,6/30/2024,2024Q2,historical,26194490,units,
AdVantage Digital,ADVT,AdTech,Units Sold,7/1/2024,9/30/2024,2024Q3,historical,25872868,units,
AdVantage Digital,ADVT,AdTech,Units Sold,10/1/2024,12/31/2024,2024Q4,historical,30180212,units,
AdVantage Digital,ADVT,AdTech,Units Sold,1/1/2025,3/31/2025,2025Q1,historical,24064951,units,
AdVantage Digital,ADVT,AdTech,Units Sold,4/1/2025,6/30/2025,2025Q2,historical,27617097,units,
AdVantage Digital,ADVT,AdTech,Units Sold,7/1/2025,9/30/2025,2025Q3,historical,27210692,units,
AdVantage Digital,ADVT,AdTech,Units Sold,10/1/2025,12/31/2025,2025Q4,historical,33046172,units,
AdVantage Digital,ADVT,AdTech,Units Sold,1/1/2026,3/31/2026,2026Q1,qtd,8785170,units,1/31/2026
AdVantage Digital,ADVT,AdTech,Units Sold,1/1/2026,3/31/2026,2026Q1,qtd,13326921,units,2/15/2026
AdVantage Digital,ADVT,AdTech,Units Sold,1/1/2026,3/31/2026,2026Q1,qtd,17009909,units,2/28/2026
AdVantage Digital,ADVT,AdTech,Units Sold,1/1/2026,3/31/2026,2026Q1,qtd,21559204,units,3/15/2026
Stratos Cloud Infrastructure,STRT,Cloud,ASP ($),1/1/2022,3/31/2022,2022Q1,historical,130.8,$,
Stratos Cloud Infrastructure,STRT,Cloud,ASP ($),4/1/2022,6/30/2022,2022Q2,historical,135.03,$,
Stratos Cloud Infrastructure,STRT,Cloud,ASP ($),7/1/2022,9/30/2022,2022Q3,historical,137.81,$,
Stratos Cloud Infrastructure,STRT,Cloud,ASP ($),10/1/2022,12/31/2022,2022Q4,historical,150.78,$,
Stratos Cloud Infrastructure,STRT,Cloud,ASP ($),1/1/2023,3/31/2023,2023Q1,historical,131.37,$,
Stratos Cloud Infrastructure,STRT,Cloud,ASP ($),4/1/2023,6/30/2023,2023Q2,historical,143.99,$,
Stratos Cloud Infrastructure,STRT,Cloud,ASP ($),7/1/2023,9/30/2023,2023Q3,historical,143.58,$,
Stratos Cloud Infrastructure,STRT,Cloud,ASP ($),10/1/2023,12/31/2023,2023Q4,historical,150.65,$,
Stratos Cloud Infrastructure,STRT,Cloud,ASP ($),1/1/2024,3/31/2024,2024Q1,historical,137.35,$,
Stratos Cloud Infrastructure,STRT,Cloud,ASP ($),4/1/2024,6/30/2024,2024Q2,historical,144.72,$,
Stratos Cloud Infrastructure,STRT,Cloud,ASP ($),7/1/2024,9/30/2024,2024Q3,historical,143.87,$,
Stratos Cloud Infrastructure,STRT,Cloud,ASP ($),10/1/2024,12/31/2024,2024Q4,historical,158.78,$,
Stratos Cloud Infrastructure,STRT,Cloud,ASP ($),1/1/2025,3/31/2025,2025Q1,historical,149.55,$,
Stratos Cloud Infrastructure,STRT,Cloud,ASP ($),4/1/2025,6/30/2025,2025Q2,historical,152.22,$,
Stratos Cloud Infrastructure,STRT,Cloud,ASP ($),7/1/2025,9/30/2025,2025Q3,historical,149.8,$,
Stratos Cloud Infrastructure,STRT,Cloud,ASP ($),10/1/2025,12/31/2025,2025Q4,historical,167.53,$,
Stratos Cloud Infrastructure,STRT,Cloud,ASP ($),1/1/2026,3/31/2026,2026Q1,qtd,157.08,$,1/31/2026
Stratos Cloud Infrastructure,STRT,Cloud,ASP ($),1/1/2026,3/31/2026,2026Q1,qtd,158.76,$,2/15/2026
Stratos Cloud Infrastructure,STRT,Cloud,ASP ($),1/1/2026,3/31/2026,2026Q1,qtd,157.46,$,2/28/2026
Stratos Cloud Infrastructure,STRT,Cloud,ASP ($),1/1/2026,3/31/2026,2026Q1,qtd,160.25,$,3/15/2026
Stratos Cloud Infrastructure,STRT,Cloud,Global Net Added Subscribers,1/1/2022,3/31/2022,2022Q1,historical,318625,subs,
Stratos Cloud Infrastructure,STRT,Cloud,Global Net Added Subscribers,4/1/2022,6/30/2022,2022Q2,historical,350271,subs,
Stratos Cloud Infrastructure,STRT,Cloud,Global Net Added Subscribers,7/1/2022,9/30/2022,2022Q3,historical,346074,subs,
Stratos Cloud Infrastructure,STRT,Cloud,Global Net Added Subscribers,10/1/2022,12/31/2022,2022Q4,historical,398272,subs,
Stratos Cloud Infrastructure,STRT,Cloud,Global Net Added Subscribers,1/1/2023,3/31/2023,2023Q1,historical,353490,subs,
Stratos Cloud Infrastructure,STRT,Cloud,Global Net Added Subscribers,4/1/2023,6/30/2023,2023Q2,historical,351568,subs,
Stratos Cloud Infrastructure,STRT,Cloud,Global Net Added Subscribers,7/1/2023,9/30/2023,2023Q3,historical,378983,subs,
Stratos Cloud Infrastructure,STRT,Cloud,Global Net Added Subscribers,10/1/2023,12/31/2023,2023Q4,historical,399114,subs,
Stratos Cloud Infrastructure,STRT,Cloud,Global Net Added Subscribers,1/1/2024,3/31/2024,2024Q1,historical,362401,subs,
Stratos Cloud Infrastructure,STRT,Cloud,Global Net Added Subscribers,4/1/2024,6/30/2024,2024Q2,historical,403169,subs,
Stratos Cloud Infrastructure,STRT,Cloud,Global Net Added Subscribers,7/1/2024,9/30/2024,2024Q3,historical,380502,subs,
Stratos Cloud Infrastructure,STRT,Cloud,Global Net Added Subscribers,10/1/2024,12/31/2024,2024Q4,historical,411322,subs,
Stratos Cloud Infrastructure,STRT,Cloud,Global Net Added Subscribers,1/1/2025,3/31/2025,2025Q1,historical,369050,subs,
Stratos Cloud Infrastructure,STRT,Cloud,Global Net Added Subscribers,4/1/2025,6/30/2025,2025Q2,historical,418341,subs,
Stratos Cloud Infrastructure,STRT,Cloud,Global Net Added Subscribers,7/1/2025,9/30/2025,2025Q3,historical,406200,subs,
Stratos Cloud Infrastructure,STRT,Cloud,Global Net Added Subscribers,10/1/2025,12/31/2025,2025Q4,historical,462387,subs,
Stratos Cloud Infrastructure,STRT,Cloud,Global Net Added Subscribers,1/1/2026,3/31/2026,2026Q1,qtd,143180,subs,1/31/2026
Stratos Cloud Infrastructure,STRT,Cloud,Global Net Added Subscribers,1/1/2026,3/31/2026,2026Q1,qtd,218336,subs,2/15/2026
Stratos Cloud Infrastructure,STRT,Cloud,Global Net Added Subscribers,1/1/2026,3/31/2026,2026Q1,qtd,275409,subs,2/28/2026
Stratos Cloud Infrastructure,STRT,Cloud,Global Net Added Subscribers,1/1/2026,3/31/2026,2026Q1,qtd,352664,subs,3/15/2026
Stratos Cloud Infrastructure,STRT,Cloud,Total Revenue ($MM),1/1/2022,3/31/2022,2022Q1,historical,390.72,$MM,
Stratos Cloud Infrastructure,STRT,Cloud,Total Revenue ($MM),4/1/2022,6/30/2022,2022Q2,historical,446.65,$MM,
Stratos Cloud Infrastructure,STRT,Cloud,Total Revenue ($MM),7/1/2022,9/30/2022,2022Q3,historical,460.75,$MM,
Stratos Cloud Infrastructure,STRT,Cloud,Total Revenue ($MM),10/1/2022,12/31/2022,2022Q4,historical,555.96,$MM,
Stratos Cloud Infrastructure,STRT,Cloud,Total Revenue ($MM),1/1/2023,3/31/2023,2023Q1,historical,437.97,$MM,
Stratos Cloud Infrastructure,STRT,Cloud,Total Revenue ($MM),4/1/2023,6/30/2023,2023Q2,historical,501.09,$MM,
Stratos Cloud Infrastructure,STRT,Cloud,Total Revenue ($MM),7/1/2023,9/30/2023,2023Q3,historical,498.87,$MM,
Stratos Cloud Infrastructure,STRT,Cloud,Total Revenue ($MM),10/1/2023,12/31/2023,2023Q4,historical,598.29,$MM,
Stratos Cloud Infrastructure,STRT,Cloud,Total Revenue ($MM),1/1/2024,3/31/2024,2024Q1,historical,487.89,$MM,
Stratos Cloud Infrastructure,STRT,Cloud,Total Revenue ($MM),4/1/2024,6/30/2024,2024Q2,historical,525.46,$MM,
Stratos Cloud Infrastructure,STRT,Cloud,Total Revenue ($MM),7/1/2024,9/30/2024,2024Q3,historical,557.1,$MM,
Stratos Cloud Infrastructure,STRT,Cloud,Total Revenue ($MM),10/1/2024,12/31/2024,2024Q4,historical,648.59,$MM,
Stratos Cloud Infrastructure,STRT,Cloud,Total Revenue ($MM),1/1/2025,3/31/2025,2025Q1,historical,704.16,$MM,
Stratos Cloud Infrastructure,STRT,Cloud,Total Revenue ($MM),4/1/2025,6/30/2025,2025Q2,historical,773.18,$MM,
Stratos Cloud Infrastructure,STRT,Cloud,Total Revenue ($MM),7/1/2025,9/30/2025,2025Q3,historical,793.21,$MM,
Stratos Cloud Infrastructure,STRT,Cloud,Total Revenue ($MM),10/1/2025,12/31/2025,2025Q4,historical,954.04,$MM,
Stratos Cloud Infrastructure,STRT,Cloud,Total Revenue ($MM),1/1/2026,3/31/2026,2026Q1,qtd,211.91,$MM,1/31/2026
Stratos Cloud Infrastructure,STRT,Cloud,Total Revenue ($MM),1/1/2026,3/31/2026,2026Q1,qtd,323.15,$MM,2/15/2026
Stratos Cloud Infrastructure,STRT,Cloud,Total Revenue ($MM),1/1/2026,3/31/2026,2026Q1,qtd,407.62,$MM,2/28/2026
Stratos Cloud Infrastructure,STRT,Cloud,Total Revenue ($MM),1/1/2026,3/31/2026,2026Q1,qtd,521.96,$MM,3/15/2026
Stratos Cloud Infrastructure,STRT,Cloud,U.S. Net Added Subscribers,1/1/2022,3/31/2022,2022Q1,historical,158681,subs,
Stratos Cloud Infrastructure,STRT,Cloud,U.S. Net Added Subscribers,4/1/2022,6/30/2022,2022Q2,historical,172861,subs,
Stratos Cloud Infrastructure,STRT,Cloud,U.S. Net Added Subscribers,7/1/2022,9/30/2022,2022Q3,historical,163679,subs,
Stratos Cloud Infrastructure,STRT,Cloud,U.S. Net Added Subscribers,10/1/2022,12/31/2022,2022Q4,historical,184073,subs,
Stratos Cloud Infrastructure,STRT,Cloud,U.S. Net Added Subscribers,1/1/2023,3/31/2023,2023Q1,historical,176427,subs,
Stratos Cloud Infrastructure,STRT,Cloud,U.S. Net Added Subscribers,4/1/2023,6/30/2023,2023Q2,historical,170558,subs,
Stratos Cloud Infrastructure,STRT,Cloud,U.S. Net Added Subscribers,7/1/2023,9/30/2023,2023Q3,historical,187783,subs,
Stratos Cloud Infrastructure,STRT,Cloud,U.S. Net Added Subscribers,10/1/2023,12/31/2023,2023Q4,historical,189657,subs,
Stratos Cloud Infrastructure,STRT,Cloud,U.S. Net Added Subscribers,1/1/2024,3/31/2024,2024Q1,historical,178023,subs,
Stratos Cloud Infrastructure,STRT,Cloud,U.S. Net Added Subscribers,4/1/2024,6/30/2024,2024Q2,historical,195374,subs,
Stratos Cloud Infrastructure,STRT,Cloud,U.S. Net Added Subscribers,7/1/2024,9/30/2024,2024Q3,historical,182073,subs,
Stratos Cloud Infrastructure,STRT,Cloud,U.S. Net Added Subscribers,10/1/2024,12/31/2024,2024Q4,historical,202246,subs,
Stratos Cloud Infrastructure,STRT,Cloud,U.S. Net Added Subscribers,1/1/2025,3/31/2025,2025Q1,historical,176318,subs,
Stratos Cloud Infrastructure,STRT,Cloud,U.S. Net Added Subscribers,4/1/2025,6/30/2025,2025Q2,historical,199588,subs,
Stratos Cloud Infrastructure,STRT,Cloud,U.S. Net Added Subscribers,7/1/2025,9/30/2025,2025Q3,historical,193178,subs,
Stratos Cloud Infrastructure,STRT,Cloud,U.S. Net Added Subscribers,10/1/2025,12/31/2025,2025Q4,historical,223274,subs,
Stratos Cloud Infrastructure,STRT,Cloud,U.S. Net Added Subscribers,1/1/2026,3/31/2026,2026Q1,qtd,69597,subs,1/31/2026
Stratos Cloud Infrastructure,STRT,Cloud,U.S. Net Added Subscribers,1/1/2026,3/31/2026,2026Q1,qtd,106128,subs,2/15/2026
Stratos Cloud Infrastructure,STRT,Cloud,U.S. Net Added Subscribers,1/1/2026,3/31/2026,2026Q1,qtd,133870,subs,2/28/2026
Stratos Cloud Infrastructure,STRT,Cloud,U.S. Net Added Subscribers,1/1/2026,3/31/2026,2026Q1,qtd,171422,subs,3/15/2026
Stratos Cloud Infrastructure,STRT,Cloud,Units Sold,1/1/2022,3/31/2022,2022Q1,historical,2987056,units,
Stratos Cloud Infrastructure,STRT,Cloud,Units Sold,4/1/2022,6/30/2022,2022Q2,historical,3307820,units,
Stratos Cloud Infrastructure,STRT,Cloud,Units Sold,7/1/2022,9/30/2022,2022Q3,historical,3343339,units,
Stratos Cloud Infrastructure,STRT,Cloud,Units Sold,10/1/2022,12/31/2022,2022Q4,historical,3687206,units,
Stratos Cloud Infrastructure,STRT,Cloud,Units Sold,1/1/2023,3/31/2023,2023Q1,historical,3333846,units,
Stratos Cloud Infrastructure,STRT,Cloud,Units Sold,4/1/2023,6/30/2023,2023Q2,historical,3480076,units,
Stratos Cloud Infrastructure,STRT,Cloud,Units Sold,7/1/2023,9/30/2023,2023Q3,historical,3474573,units,
Stratos Cloud Infrastructure,STRT,Cloud,Units Sold,10/1/2023,12/31/2023,2023Q4,historical,3971342,units,
Stratos Cloud Infrastructure,STRT,Cloud,Units Sold,1/1/2024,3/31/2024,2024Q1,historical,3552098,units,
Stratos Cloud Infrastructure,STRT,Cloud,Units Sold,4/1/2024,6/30/2024,2024Q2,historical,3630779,units,
Stratos Cloud Infrastructure,STRT,Cloud,Units Sold,7/1/2024,9/30/2024,2024Q3,historical,3872266,units,
Stratos Cloud Infrastructure,STRT,Cloud,Units Sold,10/1/2024,12/31/2024,2024Q4,historical,4084832,units,
Stratos Cloud Infrastructure,STRT,Cloud,Units Sold,1/1/2025,3/31/2025,2025Q1,historical,4708491,units,
Stratos Cloud Infrastructure,STRT,Cloud,Units Sold,4/1/2025,6/30/2025,2025Q2,historical,5079407,units,
Stratos Cloud Infrastructure,STRT,Cloud,Units Sold,7/1/2025,9/30/2025,2025Q3,historical,5295284,units,
Stratos Cloud Infrastructure,STRT,Cloud,Units Sold,10/1/2025,12/31/2025,2025Q4,historical,5694637,units,
Stratos Cloud Infrastructure,STRT,Cloud,Units Sold,1/1/2026,3/31/2026,2026Q1,qtd,1354428,units,1/31/2026
Stratos Cloud Infrastructure,STRT,Cloud,Units Sold,1/1/2026,3/31/2026,2026Q1,qtd,2065372,units,2/15/2026
Stratos Cloud Infrastructure,STRT,Cloud,Units Sold,1/1/2026,3/31/2026,2026Q1,qtd,2605259,units,2/28/2026
Stratos Cloud Infrastructure,STRT,Cloud,Units Sold,1/1/2026,3/31/2026,2026Q1,qtd,3336058,units,3/15/2026
Nimbus Data Systems,NIMB,Cloud,ASP ($),1/1/2022,3/31/2022,2022Q1,historical,91.91,$,
Nimbus Data Systems,NIMB,Cloud,ASP ($),4/1/2022,6/30/2022,2022Q2,historical,99.59,$,
Nimbus Data Systems,NIMB,Cloud,ASP ($),7/1/2022,9/30/2022,2022Q3,historical,99.52,$,
Nimbus Data Systems,NIMB,Cloud,ASP ($),10/1/2022,12/31/2022,2022Q4,historical,108.34,$,
Nimbus Data Systems,NIMB,Cloud,ASP ($),1/1/2023,3/31/2023,2023Q1,historical,97.46,$,
Nimbus Data Systems,NIMB,Cloud,ASP ($),4/1/2023,6/30/2023,2023Q2,historical,100,$,
Nimbus Data Systems,NIMB,Cloud,ASP ($),7/1/2023,9/30/2023,2023Q3,historical,101.96,$,
Nimbus Data Systems,NIMB,Cloud,ASP ($),10/1/2023,12/31/2023,2023Q4,historical,113.03,$,
Nimbus Data Systems,NIMB,Cloud,ASP ($),1/1/2024,3/31/2024,2024Q1,historical,98.27,$,
Nimbus Data Systems,NIMB,Cloud,ASP ($),4/1/2024,6/30/2024,2024Q2,historical,108.23,$,
Nimbus Data Systems,NIMB,Cloud,ASP ($),7/1/2024,9/30/2024,2024Q3,historical,108.01,$,
Nimbus Data Systems,NIMB,Cloud,ASP ($),10/1/2024,12/31/2024,2024Q4,historical,111.13,$,
Nimbus Data Systems,NIMB,Cloud,ASP ($),1/1/2025,3/31/2025,2025Q1,historical,103.5,$,
Nimbus Data Systems,NIMB,Cloud,ASP ($),4/1/2025,6/30/2025,2025Q2,historical,106.14,$,
Nimbus Data Systems,NIMB,Cloud,ASP ($),7/1/2025,9/30/2025,2025Q3,historical,108.87,$,
Nimbus Data Systems,NIMB,Cloud,ASP ($),10/1/2025,12/31/2025,2025Q4,historical,120.47,$,
Nimbus Data Systems,NIMB,Cloud,ASP ($),1/1/2026,3/31/2026,2026Q1,qtd,105.87,$,1/31/2026
Nimbus Data Systems,NIMB,Cloud,ASP ($),1/1/2026,3/31/2026,2026Q1,qtd,103.18,$,2/15/2026
Nimbus Data Systems,NIMB,Cloud,ASP ($),1/1/2026,3/31/2026,2026Q1,qtd,104.98,$,2/28/2026
Nimbus Data Systems,NIMB,Cloud,ASP ($),1/1/2026,3/31/2026,2026Q1,qtd,102.97,$,3/15/2026
Nimbus Data Systems,NIMB,Cloud,Global Net Added Subscribers,1/1/2022,3/31/2022,2022Q1,historical,263188,subs,
Nimbus Data Systems,NIMB,Cloud,Global Net Added Subscribers,4/1/2022,6/30/2022,2022Q2,historical,288397,subs,
Nimbus Data Systems,NIMB,Cloud,Global Net Added Subscribers,7/1/2022,9/30/2022,2022Q3,historical,293342,subs,
Nimbus Data Systems,NIMB,Cloud,Global Net Added Subscribers,10/1/2022,12/31/2022,2022Q4,historical,311563,subs,
Nimbus Data Systems,NIMB,Cloud,Global Net Added Subscribers,1/1/2023,3/31/2023,2023Q1,historical,267530,subs,
Nimbus Data Systems,NIMB,Cloud,Global Net Added Subscribers,4/1/2023,6/30/2023,2023Q2,historical,298379,subs,
Nimbus Data Systems,NIMB,Cloud,Global Net Added Subscribers,7/1/2023,9/30/2023,2023Q3,historical,313821,subs,
Nimbus Data Systems,NIMB,Cloud,Global Net Added Subscribers,10/1/2023,12/31/2023,2023Q4,historical,338810,subs,
Nimbus Data Systems,NIMB,Cloud,Global Net Added Subscribers,1/1/2024,3/31/2024,2024Q1,historical,299735,subs,
Nimbus Data Systems,NIMB,Cloud,Global Net Added Subscribers,4/1/2024,6/30/2024,2024Q2,historical,318722,subs,
Nimbus Data Systems,NIMB,Cloud,Global Net Added Subscribers,7/1/2024,9/30/2024,2024Q3,historical,314352,subs,
Nimbus Data Systems,NIMB,Cloud,Global Net Added Subscribers,10/1/2024,12/31/2024,2024Q4,historical,343241,subs,
Nimbus Data Systems,NIMB,Cloud,Global Net Added Subscribers,1/1/2025,3/31/2025,2025Q1,historical,310162,subs,
Nimbus Data Systems,NIMB,Cloud,Global Net Added Subscribers,4/1/2025,6/30/2025,2025Q2,historical,311437,subs,
Nimbus Data Systems,NIMB,Cloud,Global Net Added Subscribers,7/1/2025,9/30/2025,2025Q3,historical,324888,subs,
Nimbus Data Systems,NIMB,Cloud,Global Net Added Subscribers,10/1/2025,12/31/2025,2025Q4,historical,354497,subs,
Nimbus Data Systems,NIMB,Cloud,Global Net Added Subscribers,1/1/2026,3/31/2026,2026Q1,qtd,103365,subs,1/31/2026
Nimbus Data Systems,NIMB,Cloud,Global Net Added Subscribers,1/1/2026,3/31/2026,2026Q1,qtd,155290,subs,2/15/2026
Nimbus Data Systems,NIMB,Cloud,Global Net Added Subscribers,1/1/2026,3/31/2026,2026Q1,qtd,205326,subs,2/28/2026
Nimbus Data Systems,NIMB,Cloud,Global Net Added Subscribers,1/1/2026,3/31/2026,2026Q1,qtd,261039,subs,3/15/2026
Nimbus Data Systems,NIMB,Cloud,Total Revenue ($MM),1/1/2022,3/31/2022,2022Q1,historical,366.53,$MM,
Nimbus Data Systems,NIMB,Cloud,Total Revenue ($MM),4/1/2022,6/30/2022,2022Q2,historical,418.88,$MM,
Nimbus Data Systems,NIMB,Cloud,Total Revenue ($MM),7/1/2022,9/30/2022,2022Q3,historical,428.27,$MM,
Nimbus Data Systems,NIMB,Cloud,Total Revenue ($MM),10/1/2022,12/31/2022,2022Q4,historical,490.85,$MM,
Nimbus Data Systems,NIMB,Cloud,Total Revenue ($MM),1/1/2023,3/31/2023,2023Q1,historical,391.21,$MM,
Nimbus Data Systems,NIMB,Cloud,Total Revenue ($MM),4/1/2023,6/30/2023,2023Q2,historical,430.8,$MM,
Nimbus Data Systems,NIMB,Cloud,Total Revenue ($MM),7/1/2023,9/30/2023,2023Q3,historical,470.26,$MM,
Nimbus Data Systems,NIMB,Cloud,Total Revenue ($MM),10/1/2023,12/31/2023,2023Q4,historical,553.36,$MM,
Nimbus Data Systems,NIMB,Cloud,Total Revenue ($MM),1/1/2024,3/31/2024,2024Q1,historical,421.2,$MM,
Nimbus Data Systems,NIMB,Cloud,Total Revenue ($MM),4/1/2024,6/30/2024,2024Q2,historical,526.65,$MM,
Nimbus Data Systems,NIMB,Cloud,Total Revenue ($MM),7/1/2024,9/30/2024,2024Q3,historical,526.36,$MM,
Nimbus Data Systems,NIMB,Cloud,Total Revenue ($MM),10/1/2024,12/31/2024,2024Q4,historical,582.22,$MM,
Nimbus Data Systems,NIMB,Cloud,Total Revenue ($MM),1/1/2025,3/31/2025,2025Q1,historical,491.03,$MM,
Nimbus Data Systems,NIMB,Cloud,Total Revenue ($MM),4/1/2025,6/30/2025,2025Q2,historical,523.53,$MM,
Nimbus Data Systems,NIMB,Cloud,Total Revenue ($MM),7/1/2025,9/30/2025,2025Q3,historical,570.2,$MM,
Nimbus Data Systems,NIMB,Cloud,Total Revenue ($MM),10/1/2025,12/31/2025,2025Q4,historical,692.54,$MM,
Nimbus Data Systems,NIMB,Cloud,Total Revenue ($MM),1/1/2026,3/31/2026,2026Q1,qtd,180,$MM,1/31/2026
Nimbus Data Systems,NIMB,Cloud,Total Revenue ($MM),1/1/2026,3/31/2026,2026Q1,qtd,270.43,$MM,2/15/2026
Nimbus Data Systems,NIMB,Cloud,Total Revenue ($MM),1/1/2026,3/31/2026,2026Q1,qtd,357.56,$MM,2/28/2026
Nimbus Data Systems,NIMB,Cloud,Total Revenue ($MM),1/1/2026,3/31/2026,2026Q1,qtd,454.58,$MM,3/15/2026
Nimbus Data Systems,NIMB,Cloud,U.S. Net Added Subscribers,1/1/2022,3/31/2022,2022Q1,historical,117035,subs,
Nimbus Data Systems,NIMB,Cloud,U.S. Net Added Subscribers,4/1/2022,6/30/2022,2022Q2,historical,132072,subs,
Nimbus Data Systems,NIMB,Cloud,U.S. Net Added Subscribers,7/1/2022,9/30/2022,2022Q3,historical,136264,subs,
Nimbus Data Systems,NIMB,Cloud,U.S. Net Added Subscribers,10/1/2022,12/31/2022,2022Q4,historical,141096,subs,
Nimbus Data Systems,NIMB,Cloud,U.S. Net Added Subscribers,1/1/2023,3/31/2023,2023Q1,historical,122772,subs,
Nimbus Data Systems,NIMB,Cloud,U.S. Net Added Subscribers,4/1/2023,6/30/2023,2023Q2,historical,139335,subs,
Nimbus Data Systems,NIMB,Cloud,U.S. Net Added Subscribers,7/1/2023,9/30/2023,2023Q3,historical,138474,subs,
Nimbus Data Systems,NIMB,Cloud,U.S. Net Added Subscribers,10/1/2023,12/31/2023,2023Q4,historical,155472,subs,
Nimbus Data Systems,NIMB,Cloud,U.S. Net Added Subscribers,1/1/2024,3/31/2024,2024Q1,historical,131004,subs,
Nimbus Data Systems,NIMB,Cloud,U.S. Net Added Subscribers,4/1/2024,6/30/2024,2024Q2,historical,148932,subs,
Nimbus Data Systems,NIMB,Cloud,U.S. Net Added Subscribers,7/1/2024,9/30/2024,2024Q3,historical,144748,subs,
Nimbus Data Systems,NIMB,Cloud,U.S. Net Added Subscribers,10/1/2024,12/31/2024,2024Q4,historical,156594,subs,
Nimbus Data Systems,NIMB,Cloud,U.S. Net Added Subscribers,1/1/2025,3/31/2025,2025Q1,historical,144489,subs,
Nimbus Data Systems,NIMB,Cloud,U.S. Net Added Subscribers,4/1/2025,6/30/2025,2025Q2,historical,144455,subs,
Nimbus Data Systems,NIMB,Cloud,U.S. Net Added Subscribers,7/1/2025,9/30/2025,2025Q3,historical,141091,subs,
Nimbus Data Systems,NIMB,Cloud,U.S. Net Added Subscribers,10/1/2025,12/31/2025,2025Q4,historical,158353,subs,
Nimbus Data Systems,NIMB,Cloud,U.S. Net Added Subscribers,1/1/2026,3/31/2026,2026Q1,qtd,46487,subs,1/31/2026
Nimbus Data Systems,NIMB,Cloud,U.S. Net Added Subscribers,1/1/2026,3/31/2026,2026Q1,qtd,69839,subs,2/15/2026
Nimbus Data Systems,NIMB,Cloud,U.S. Net Added Subscribers,1/1/2026,3/31/2026,2026Q1,qtd,92342,subs,2/28/2026
Nimbus Data Systems,NIMB,Cloud,U.S. Net Added Subscribers,1/1/2026,3/31/2026,2026Q1,qtd,117399,subs,3/15/2026
Nimbus Data Systems,NIMB,Cloud,Units Sold,1/1/2022,3/31/2022,2022Q1,historical,3988125,units,
Nimbus Data Systems,NIMB,Cloud,Units Sold,4/1/2022,6/30/2022,2022Q2,historical,4205887,units,
Nimbus Data Systems,NIMB,Cloud,Units Sold,7/1/2022,9/30/2022,2022Q3,historical,4303336,units,
Nimbus Data Systems,NIMB,Cloud,Units Sold,10/1/2022,12/31/2022,2022Q4,historical,4530636,units,
Nimbus Data Systems,NIMB,Cloud,Units Sold,1/1/2023,3/31/2023,2023Q1,historical,4014240,units,
Nimbus Data Systems,NIMB,Cloud,Units Sold,4/1/2023,6/30/2023,2023Q2,historical,4308048,units,
Nimbus Data Systems,NIMB,Cloud,Units Sold,7/1/2023,9/30/2023,2023Q3,historical,4612271,units,
Nimbus Data Systems,NIMB,Cloud,Units Sold,10/1/2023,12/31/2023,2023Q4,historical,4895448,units,
Nimbus Data Systems,NIMB,Cloud,Units Sold,1/1/2024,3/31/2024,2024Q1,historical,4286241,units,
Nimbus Data Systems,NIMB,Cloud,Units Sold,4/1/2024,6/30/2024,2024Q2,historical,4865897,units,
Nimbus Data Systems,NIMB,Cloud,Units Sold,7/1/2024,9/30/2024,2024Q3,historical,4873172,units,
Nimbus Data Systems,NIMB,Cloud,Units Sold,10/1/2024,12/31/2024,2024Q4,historical,5239227,units,
Nimbus Data Systems,NIMB,Cloud,Units Sold,1/1/2025,3/31/2025,2025Q1,historical,4744167,units,
Nimbus Data Systems,NIMB,Cloud,Units Sold,4/1/2025,6/30/2025,2025Q2,historical,4932354,units,
Nimbus Data Systems,NIMB,Cloud,Units Sold,7/1/2025,9/30/2025,2025Q3,historical,5237499,units,
Nimbus Data Systems,NIMB,Cloud,Units Sold,10/1/2025,12/31/2025,2025Q4,historical,5748690,units,
Nimbus Data Systems,NIMB,Cloud,Units Sold,1/1/2026,3/31/2026,2026Q1,qtd,1739665,units,1/31/2026
Nimbus Data Systems,NIMB,Cloud,Units Sold,1/1/2026,3/31/2026,2026Q1,qtd,2613579,units,2/15/2026
Nimbus Data Systems,NIMB,Cloud,Units Sold,1/1/2026,3/31/2026,2026Q1,qtd,3455705,units,2/28/2026
Nimbus Data Systems,NIMB,Cloud,Units Sold,1/1/2026,3/31/2026,2026Q1,qtd,4393376,units,3/15/2026
ShieldNet Cyber,SHLD,Cybersecurity,ASP ($),1/1/2022,3/31/2022,2022Q1,historical,213.76,$,
ShieldNet Cyber,SHLD,Cybersecurity,ASP ($),4/1/2022,6/30/2022,2022Q2,historical,217.44,$,
ShieldNet Cyber,SHLD,Cybersecurity,ASP ($),7/1/2022,9/30/2022,2022Q3,historical,211.93,$,
ShieldNet Cyber,SHLD,Cybersecurity,ASP ($),10/1/2022,12/31/2022,2022Q4,historical,230.53,$,
ShieldNet Cyber,SHLD,Cybersecurity,ASP ($),1/1/2023,3/31/2023,2023Q1,historical,219.12,$,
ShieldNet Cyber,SHLD,Cybersecurity,ASP ($),4/1/2023,6/30/2023,2023Q2,historical,232.98,$,
ShieldNet Cyber,SHLD,Cybersecurity,ASP ($),7/1/2023,9/30/2023,2023Q3,historical,225.33,$,
ShieldNet Cyber,SHLD,Cybersecurity,ASP ($),10/1/2023,12/31/2023,2023Q4,historical,242.19,$,
ShieldNet Cyber,SHLD,Cybersecurity,ASP ($),1/1/2024,3/31/2024,2024Q1,historical,227.72,$,
ShieldNet Cyber,SHLD,Cybersecurity,ASP ($),4/1/2024,6/30/2024,2024Q2,historical,234.3,$,
ShieldNet Cyber,SHLD,Cybersecurity,ASP ($),7/1/2024,9/30/2024,2024Q3,historical,229.96,$,
ShieldNet Cyber,SHLD,Cybersecurity,ASP ($),10/1/2024,12/31/2024,2024Q4,historical,262.37,$,
ShieldNet Cyber,SHLD,Cybersecurity,ASP ($),1/1/2025,3/31/2025,2025Q1,historical,239.3,$,
ShieldNet Cyber,SHLD,Cybersecurity,ASP ($),4/1/2025,6/30/2025,2025Q2,historical,254.71,$,
ShieldNet Cyber,SHLD,Cybersecurity,ASP ($),7/1/2025,9/30/2025,2025Q3,historical,250.57,$,
ShieldNet Cyber,SHLD,Cybersecurity,ASP ($),10/1/2025,12/31/2025,2025Q4,historical,279.84,$,
ShieldNet Cyber,SHLD,Cybersecurity,ASP ($),1/1/2026,3/31/2026,2026Q1,qtd,253.83,$,1/31/2026
ShieldNet Cyber,SHLD,Cybersecurity,ASP ($),1/1/2026,3/31/2026,2026Q1,qtd,255.19,$,2/15/2026
ShieldNet Cyber,SHLD,Cybersecurity,ASP ($),1/1/2026,3/31/2026,2026Q1,qtd,248.81,$,2/28/2026
ShieldNet Cyber,SHLD,Cybersecurity,ASP ($),1/1/2026,3/31/2026,2026Q1,qtd,257,$,3/15/2026
ShieldNet Cyber,SHLD,Cybersecurity,Global Net Added Subscribers,1/1/2022,3/31/2022,2022Q1,historical,276030,subs,
ShieldNet Cyber,SHLD,Cybersecurity,Global Net Added Subscribers,4/1/2022,6/30/2022,2022Q2,historical,309156,subs,
ShieldNet Cyber,SHLD,Cybersecurity,Global Net Added Subscribers,7/1/2022,9/30/2022,2022Q3,historical,309004,subs,
ShieldNet Cyber,SHLD,Cybersecurity,Global Net Added Subscribers,10/1/2022,12/31/2022,2022Q4,historical,333848,subs,
ShieldNet Cyber,SHLD,Cybersecurity,Global Net Added Subscribers,1/1/2023,3/31/2023,2023Q1,historical,292002,subs,
ShieldNet Cyber,SHLD,Cybersecurity,Global Net Added Subscribers,4/1/2023,6/30/2023,2023Q2,historical,325395,subs,
ShieldNet Cyber,SHLD,Cybersecurity,Global Net Added Subscribers,7/1/2023,9/30/2023,2023Q3,historical,329234,subs,
ShieldNet Cyber,SHLD,Cybersecurity,Global Net Added Subscribers,10/1/2023,12/31/2023,2023Q4,historical,344248,subs,
ShieldNet Cyber,SHLD,Cybersecurity,Global Net Added Subscribers,1/1/2024,3/31/2024,2024Q1,historical,338249,subs,
ShieldNet Cyber,SHLD,Cybersecurity,Global Net Added Subscribers,4/1/2024,6/30/2024,2024Q2,historical,329346,subs,
ShieldNet Cyber,SHLD,Cybersecurity,Global Net Added Subscribers,7/1/2024,9/30/2024,2024Q3,historical,337800,subs,
ShieldNet Cyber,SHLD,Cybersecurity,Global Net Added Subscribers,10/1/2024,12/31/2024,2024Q4,historical,370532,subs,
ShieldNet Cyber,SHLD,Cybersecurity,Global Net Added Subscribers,1/1/2025,3/31/2025,2025Q1,historical,426971,subs,
ShieldNet Cyber,SHLD,Cybersecurity,Global Net Added Subscribers,4/1/2025,6/30/2025,2025Q2,historical,491983,subs,
ShieldNet Cyber,SHLD,Cybersecurity,Global Net Added Subscribers,7/1/2025,9/30/2025,2025Q3,historical,468436,subs,
ShieldNet Cyber,SHLD,Cybersecurity,Global Net Added Subscribers,10/1/2025,12/31/2025,2025Q4,historical,572173,subs,
ShieldNet Cyber,SHLD,Cybersecurity,Global Net Added Subscribers,1/1/2026,3/31/2026,2026Q1,qtd,135858,subs,1/31/2026
ShieldNet Cyber,SHLD,Cybersecurity,Global Net Added Subscribers,1/1/2026,3/31/2026,2026Q1,qtd,205476,subs,2/15/2026
ShieldNet Cyber,SHLD,Cybersecurity,Global Net Added Subscribers,1/1/2026,3/31/2026,2026Q1,qtd,268271,subs,2/28/2026
ShieldNet Cyber,SHLD,Cybersecurity,Global Net Added Subscribers,1/1/2026,3/31/2026,2026Q1,qtd,326366,subs,3/15/2026
ShieldNet Cyber,SHLD,Cybersecurity,Total Revenue ($MM),1/1/2022,3/31/2022,2022Q1,historical,285.18,$MM,
ShieldNet Cyber,SHLD,Cybersecurity,Total Revenue ($MM),4/1/2022,6/30/2022,2022Q2,historical,309.43,$MM,
ShieldNet Cyber,SHLD,Cybersecurity,Total Revenue ($MM),7/1/2022,9/30/2022,2022Q3,historical,300.41,$MM,
ShieldNet Cyber,SHLD,Cybersecurity,Total Revenue ($MM),10/1/2022,12/31/2022,2022Q4,historical,372.78,$MM,
ShieldNet Cyber,SHLD,Cybersecurity,Total Revenue ($MM),1/1/2023,3/31/2023,2023Q1,historical,327.86,$MM,
ShieldNet Cyber,SHLD,Cybersecurity,Total Revenue ($MM),4/1/2023,6/30/2023,2023Q2,historical,365.9,$MM,
ShieldNet Cyber,SHLD,Cybersecurity,Total Revenue ($MM),7/1/2023,9/30/2023,2023Q3,historical,339.28,$MM,
ShieldNet Cyber,SHLD,Cybersecurity,Total Revenue ($MM),10/1/2023,12/31/2023,2023Q4,historical,426.5,$MM,
ShieldNet Cyber,SHLD,Cybersecurity,Total Revenue ($MM),1/1/2024,3/31/2024,2024Q1,historical,369.13,$MM,
ShieldNet Cyber,SHLD,Cybersecurity,Total Revenue ($MM),4/1/2024,6/30/2024,2024Q2,historical,419.09,$MM,
ShieldNet Cyber,SHLD,Cybersecurity,Total Revenue ($MM),7/1/2024,9/30/2024,2024Q3,historical,384.15,$MM,
ShieldNet Cyber,SHLD,Cybersecurity,Total Revenue ($MM),10/1/2024,12/31/2024,2024Q4,historical,486.23,$MM,
ShieldNet Cyber,SHLD,Cybersecurity,Total Revenue ($MM),1/1/2025,3/31/2025,2025Q1,historical,559.34,$MM,
ShieldNet Cyber,SHLD,Cybersecurity,Total Revenue ($MM),4/1/2025,6/30/2025,2025Q2,historical,642.02,$MM,
ShieldNet Cyber,SHLD,Cybersecurity,Total Revenue ($MM),7/1/2025,9/30/2025,2025Q3,historical,640.94,$MM,
ShieldNet Cyber,SHLD,Cybersecurity,Total Revenue ($MM),10/1/2025,12/31/2025,2025Q4,historical,788.05,$MM,
ShieldNet Cyber,SHLD,Cybersecurity,Total Revenue ($MM),1/1/2026,3/31/2026,2026Q1,qtd,173.35,$MM,1/31/2026
ShieldNet Cyber,SHLD,Cybersecurity,Total Revenue ($MM),1/1/2026,3/31/2026,2026Q1,qtd,262.18,$MM,2/15/2026
ShieldNet Cyber,SHLD,Cybersecurity,Total Revenue ($MM),1/1/2026,3/31/2026,2026Q1,qtd,342.31,$MM,2/28/2026
ShieldNet Cyber,SHLD,Cybersecurity,Total Revenue ($MM),1/1/2026,3/31/2026,2026Q1,qtd,416.43,$MM,3/15/2026
ShieldNet Cyber,SHLD,Cybersecurity,U.S. Net Added Subscribers,1/1/2022,3/31/2022,2022Q1,historical,122901,subs,
ShieldNet Cyber,SHLD,Cybersecurity,U.S. Net Added Subscribers,4/1/2022,6/30/2022,2022Q2,historical,136896,subs,
ShieldNet Cyber,SHLD,Cybersecurity,U.S. Net Added Subscribers,7/1/2022,9/30/2022,2022Q3,historical,146184,subs,
ShieldNet Cyber,SHLD,Cybersecurity,U.S. Net Added Subscribers,10/1/2022,12/31/2022,2022Q4,historical,159441,subs,
ShieldNet Cyber,SHLD,Cybersecurity,U.S. Net Added Subscribers,1/1/2023,3/31/2023,2023Q1,historical,130261,subs,
ShieldNet Cyber,SHLD,Cybersecurity,U.S. Net Added Subscribers,4/1/2023,6/30/2023,2023Q2,historical,151379,subs,
ShieldNet Cyber,SHLD,Cybersecurity,U.S. Net Added Subscribers,7/1/2023,9/30/2023,2023Q3,historical,148341,subs,
ShieldNet Cyber,SHLD,Cybersecurity,U.S. Net Added Subscribers,10/1/2023,12/31/2023,2023Q4,historical,161713,subs,
ShieldNet Cyber,SHLD,Cybersecurity,U.S. Net Added Subscribers,1/1/2024,3/31/2024,2024Q1,historical,153461,subs,
ShieldNet Cyber,SHLD,Cybersecurity,U.S. Net Added Subscribers,4/1/2024,6/30/2024,2024Q2,historical,155843,subs,
ShieldNet Cyber,SHLD,Cybersecurity,U.S. Net Added Subscribers,7/1/2024,9/30/2024,2024Q3,historical,151342,subs,
ShieldNet Cyber,SHLD,Cybersecurity,U.S. Net Added Subscribers,10/1/2024,12/31/2024,2024Q4,historical,174399,subs,
ShieldNet Cyber,SHLD,Cybersecurity,U.S. Net Added Subscribers,1/1/2025,3/31/2025,2025Q1,historical,189374,subs,
ShieldNet Cyber,SHLD,Cybersecurity,U.S. Net Added Subscribers,4/1/2025,6/30/2025,2025Q2,historical,225882,subs,
ShieldNet Cyber,SHLD,Cybersecurity,U.S. Net Added Subscribers,7/1/2025,9/30/2025,2025Q3,historical,215547,subs,
ShieldNet Cyber,SHLD,Cybersecurity,U.S. Net Added Subscribers,10/1/2025,12/31/2025,2025Q4,historical,270927,subs,
ShieldNet Cyber,SHLD,Cybersecurity,U.S. Net Added Subscribers,1/1/2026,3/31/2026,2026Q1,qtd,60299,subs,1/31/2026
ShieldNet Cyber,SHLD,Cybersecurity,U.S. Net Added Subscribers,1/1/2026,3/31/2026,2026Q1,qtd,91198,subs,2/15/2026
ShieldNet Cyber,SHLD,Cybersecurity,U.S. Net Added Subscribers,1/1/2026,3/31/2026,2026Q1,qtd,119069,subs,2/28/2026
ShieldNet Cyber,SHLD,Cybersecurity,U.S. Net Added Subscribers,1/1/2026,3/31/2026,2026Q1,qtd,144854,subs,3/15/2026
ShieldNet Cyber,SHLD,Cybersecurity,Units Sold,1/1/2022,3/31/2022,2022Q1,historical,1334080,units,
ShieldNet Cyber,SHLD,Cybersecurity,Units Sold,4/1/2022,6/30/2022,2022Q2,historical,1423062,units,
ShieldNet Cyber,SHLD,Cybersecurity,Units Sold,7/1/2022,9/30/2022,2022Q3,historical,1417517,units,
ShieldNet Cyber,SHLD,Cybersecurity,Units Sold,10/1/2022,12/31/2022,2022Q4,historical,1617102,units,
ShieldNet Cyber,SHLD,Cybersecurity,Units Sold,1/1/2023,3/31/2023,2023Q1,historical,1496237,units,
ShieldNet Cyber,SHLD,Cybersecurity,Units Sold,4/1/2023,6/30/2023,2023Q2,historical,1570550,units,
ShieldNet Cyber,SHLD,Cybersecurity,Units Sold,7/1/2023,9/30/2023,2023Q3,historical,1505716,units,
ShieldNet Cyber,SHLD,Cybersecurity,Units Sold,10/1/2023,12/31/2023,2023Q4,historical,1761049,units,
ShieldNet Cyber,SHLD,Cybersecurity,Units Sold,1/1/2024,3/31/2024,2024Q1,historical,1620955,units,
ShieldNet Cyber,SHLD,Cybersecurity,Units Sold,4/1/2024,6/30/2024,2024Q2,historical,1788649,units,
ShieldNet Cyber,SHLD,Cybersecurity,Units Sold,7/1/2024,9/30/2024,2024Q3,historical,1670513,units,
ShieldNet Cyber,SHLD,Cybersecurity,Units Sold,10/1/2024,12/31/2024,2024Q4,historical,1853261,units,
ShieldNet Cyber,SHLD,Cybersecurity,Units Sold,1/1/2025,3/31/2025,2025Q1,historical,2337387,units,
ShieldNet Cyber,SHLD,Cybersecurity,Units Sold,4/1/2025,6/30/2025,2025Q2,historical,2520616,units,
ShieldNet Cyber,SHLD,Cybersecurity,Units Sold,7/1/2025,9/30/2025,2025Q3,historical,2557953,units,
ShieldNet Cyber,SHLD,Cybersecurity,Units Sold,10/1/2025,12/31/2025,2025Q4,historical,2816114,units,
ShieldNet Cyber,SHLD,Cybersecurity,Units Sold,1/1/2026,3/31/2026,2026Q1,qtd,678902,units,1/31/2026
ShieldNet Cyber,SHLD,Cybersecurity,Units Sold,1/1/2026,3/31/2026,2026Q1,qtd,1026796,units,2/15/2026
ShieldNet Cyber,SHLD,Cybersecurity,Units Sold,1/1/2026,3/31/2026,2026Q1,qtd,1340592,units,2/28/2026
ShieldNet Cyber,SHLD,Cybersecurity,Units Sold,1/1/2026,3/31/2026,2026Q1,qtd,1630900,units,3/15/2026
GrocNow Delivery,GROC,Delivery,ASP ($),1/1/2022,3/31/2022,2022Q1,historical,34.42,$,
GrocNow Delivery,GROC,Delivery,ASP ($),4/1/2022,6/30/2022,2022Q2,historical,38.05,$,
GrocNow Delivery,GROC,Delivery,ASP ($),7/1/2022,9/30/2022,2022Q3,historical,39.95,$,
GrocNow Delivery,GROC,Delivery,ASP ($),10/1/2022,12/31/2022,2022Q4,historical,42.52,$,
GrocNow Delivery,GROC,Delivery,ASP ($),1/1/2023,3/31/2023,2023Q1,historical,36.96,$,
GrocNow Delivery,GROC,Delivery,ASP ($),4/1/2023,6/30/2023,2023Q2,historical,40.13,$,
GrocNow Delivery,GROC,Delivery,ASP ($),7/1/2023,9/30/2023,2023Q3,historical,41.32,$,
GrocNow Delivery,GROC,Delivery,ASP ($),10/1/2023,12/31/2023,2023Q4,historical,45.08,$,
GrocNow Delivery,GROC,Delivery,ASP ($),1/1/2024,3/31/2024,2024Q1,historical,39.61,$,
GrocNow Delivery,GROC,Delivery,ASP ($),4/1/2024,6/30/2024,2024Q2,historical,41.87,$,
GrocNow Delivery,GROC,Delivery,ASP ($),7/1/2024,9/30/2024,2024Q3,historical,44.33,$,
GrocNow Delivery,GROC,Delivery,ASP ($),10/1/2024,12/31/2024,2024Q4,historical,46.64,$,
GrocNow Delivery,GROC,Delivery,ASP ($),1/1/2025,3/31/2025,2025Q1,historical,41.16,$,
GrocNow Delivery,GROC,Delivery,ASP ($),4/1/2025,6/30/2025,2025Q2,historical,44.02,$,
GrocNow Delivery,GROC,Delivery,ASP ($),7/1/2025,9/30/2025,2025Q3,historical,46.75,$,
GrocNow Delivery,GROC,Delivery,ASP ($),10/1/2025,12/31/2025,2025Q4,historical,49.04,$,
GrocNow Delivery,GROC,Delivery,ASP ($),1/1/2026,3/31/2026,2026Q1,qtd,40.92,$,1/31/2026
GrocNow Delivery,GROC,Delivery,ASP ($),1/1/2026,3/31/2026,2026Q1,qtd,42.34,$,2/15/2026
GrocNow Delivery,GROC,Delivery,ASP ($),1/1/2026,3/31/2026,2026Q1,qtd,41.26,$,2/28/2026
GrocNow Delivery,GROC,Delivery,ASP ($),1/1/2026,3/31/2026,2026Q1,qtd,40.98,$,3/15/2026
GrocNow Delivery,GROC,Delivery,Global Net Added Subscribers,1/1/2022,3/31/2022,2022Q1,historical,654597,subs,
GrocNow Delivery,GROC,Delivery,Global Net Added Subscribers,4/1/2022,6/30/2022,2022Q2,historical,684124,subs,
GrocNow Delivery,GROC,Delivery,Global Net Added Subscribers,7/1/2022,9/30/2022,2022Q3,historical,697890,subs,
GrocNow Delivery,GROC,Delivery,Global Net Added Subscribers,10/1/2022,12/31/2022,2022Q4,historical,743369,subs,
GrocNow Delivery,GROC,Delivery,Global Net Added Subscribers,1/1/2023,3/31/2023,2023Q1,historical,643257,subs,
GrocNow Delivery,GROC,Delivery,Global Net Added Subscribers,4/1/2023,6/30/2023,2023Q2,historical,685206,subs,
GrocNow Delivery,GROC,Delivery,Global Net Added Subscribers,7/1/2023,9/30/2023,2023Q3,historical,721617,subs,
GrocNow Delivery,GROC,Delivery,Global Net Added Subscribers,10/1/2023,12/31/2023,2023Q4,historical,706378,subs,
GrocNow Delivery,GROC,Delivery,Global Net Added Subscribers,1/1/2024,3/31/2024,2024Q1,historical,667389,subs,
GrocNow Delivery,GROC,Delivery,Global Net Added Subscribers,4/1/2024,6/30/2024,2024Q2,historical,688354,subs,
GrocNow Delivery,GROC,Delivery,Global Net Added Subscribers,7/1/2024,9/30/2024,2024Q3,historical,716167,subs,
GrocNow Delivery,GROC,Delivery,Global Net Added Subscribers,10/1/2024,12/31/2024,2024Q4,historical,750751,subs,
GrocNow Delivery,GROC,Delivery,Global Net Added Subscribers,1/1/2025,3/31/2025,2025Q1,historical,546897,subs,
GrocNow Delivery,GROC,Delivery,Global Net Added Subscribers,4/1/2025,6/30/2025,2025Q2,historical,584038,subs,
GrocNow Delivery,GROC,Delivery,Global Net Added Subscribers,7/1/2025,9/30/2025,2025Q3,historical,585363,subs,
GrocNow Delivery,GROC,Delivery,Global Net Added Subscribers,10/1/2025,12/31/2025,2025Q4,historical,613295,subs,
GrocNow Delivery,GROC,Delivery,Global Net Added Subscribers,1/1/2026,3/31/2026,2026Q1,qtd,233588,subs,1/31/2026
GrocNow Delivery,GROC,Delivery,Global Net Added Subscribers,1/1/2026,3/31/2026,2026Q1,qtd,357858,subs,2/15/2026
GrocNow Delivery,GROC,Delivery,Global Net Added Subscribers,1/1/2026,3/31/2026,2026Q1,qtd,454548,subs,2/28/2026
GrocNow Delivery,GROC,Delivery,Global Net Added Subscribers,1/1/2026,3/31/2026,2026Q1,qtd,576963,subs,3/15/2026
GrocNow Delivery,GROC,Delivery,Total Revenue ($MM),1/1/2022,3/31/2022,2022Q1,historical,330.05,$MM,
GrocNow Delivery,GROC,Delivery,Total Revenue ($MM),4/1/2022,6/30/2022,2022Q2,historical,417.44,$MM,
GrocNow Delivery,GROC,Delivery,Total Revenue ($MM),7/1/2022,9/30/2022,2022Q3,historical,418.26,$MM,
GrocNow Delivery,GROC,Delivery,Total Revenue ($MM),10/1/2022,12/31/2022,2022Q4,historical,495.38,$MM,
GrocNow Delivery,GROC,Delivery,Total Revenue ($MM),1/1/2023,3/31/2023,2023Q1,historical,360.18,$MM,
GrocNow Delivery,GROC,Delivery,Total Revenue ($MM),4/1/2023,6/30/2023,2023Q2,historical,418.03,$MM,
GrocNow Delivery,GROC,Delivery,Total Revenue ($MM),7/1/2023,9/30/2023,2023Q3,historical,443.33,$MM,
GrocNow Delivery,GROC,Delivery,Total Revenue ($MM),10/1/2023,12/31/2023,2023Q4,historical,507.41,$MM,
GrocNow Delivery,GROC,Delivery,Total Revenue ($MM),1/1/2024,3/31/2024,2024Q1,historical,404.31,$MM,
GrocNow Delivery,GROC,Delivery,Total Revenue ($MM),4/1/2024,6/30/2024,2024Q2,historical,445.97,$MM,
GrocNow Delivery,GROC,Delivery,Total Revenue ($MM),7/1/2024,9/30/2024,2024Q3,historical,513.71,$MM,
GrocNow Delivery,GROC,Delivery,Total Revenue ($MM),10/1/2024,12/31/2024,2024Q4,historical,546.99,$MM,
GrocNow Delivery,GROC,Delivery,Total Revenue ($MM),1/1/2025,3/31/2025,2025Q1,historical,342.21,$MM,
GrocNow Delivery,GROC,Delivery,Total Revenue ($MM),4/1/2025,6/30/2025,2025Q2,historical,402.84,$MM,
GrocNow Delivery,GROC,Delivery,Total Revenue ($MM),7/1/2025,9/30/2025,2025Q3,historical,434.71,$MM,
GrocNow Delivery,GROC,Delivery,Total Revenue ($MM),10/1/2025,12/31/2025,2025Q4,historical,434.19,$MM,
GrocNow Delivery,GROC,Delivery,Total Revenue ($MM),1/1/2026,3/31/2026,2026Q1,qtd,146.82,$MM,1/31/2026
GrocNow Delivery,GROC,Delivery,Total Revenue ($MM),1/1/2026,3/31/2026,2026Q1,qtd,224.92,$MM,2/15/2026
GrocNow Delivery,GROC,Delivery,Total Revenue ($MM),1/1/2026,3/31/2026,2026Q1,qtd,285.69,$MM,2/28/2026
GrocNow Delivery,GROC,Delivery,Total Revenue ($MM),1/1/2026,3/31/2026,2026Q1,qtd,362.64,$MM,3/15/2026
GrocNow Delivery,GROC,Delivery,U.S. Net Added Subscribers,1/1/2022,3/31/2022,2022Q1,historical,262852,subs,
GrocNow Delivery,GROC,Delivery,U.S. Net Added Subscribers,4/1/2022,6/30/2022,2022Q2,historical,272636,subs,
GrocNow Delivery,GROC,Delivery,U.S. Net Added Subscribers,7/1/2022,9/30/2022,2022Q3,historical,287035,subs,
GrocNow Delivery,GROC,Delivery,U.S. Net Added Subscribers,10/1/2022,12/31/2022,2022Q4,historical,290568,subs,
GrocNow Delivery,GROC,Delivery,U.S. Net Added Subscribers,1/1/2023,3/31/2023,2023Q1,historical,256345,subs,
GrocNow Delivery,GROC,Delivery,U.S. Net Added Subscribers,4/1/2023,6/30/2023,2023Q2,historical,277703,subs,
GrocNow Delivery,GROC,Delivery,U.S. Net Added Subscribers,7/1/2023,9/30/2023,2023Q3,historical,278651,subs,
GrocNow Delivery,GROC,Delivery,U.S. Net Added Subscribers,10/1/2023,12/31/2023,2023Q4,historical,287949,subs,
GrocNow Delivery,GROC,Delivery,U.S. Net Added Subscribers,1/1/2024,3/31/2024,2024Q1,historical,268271,subs,
GrocNow Delivery,GROC,Delivery,U.S. Net Added Subscribers,4/1/2024,6/30/2024,2024Q2,historical,278984,subs,
GrocNow Delivery,GROC,Delivery,U.S. Net Added Subscribers,7/1/2024,9/30/2024,2024Q3,historical,297201,subs,
GrocNow Delivery,GROC,Delivery,U.S. Net Added Subscribers,10/1/2024,12/31/2024,2024Q4,historical,293399,subs,
GrocNow Delivery,GROC,Delivery,U.S. Net Added Subscribers,1/1/2025,3/31/2025,2025Q1,historical,224803,subs,
GrocNow Delivery,GROC,Delivery,U.S. Net Added Subscribers,4/1/2025,6/30/2025,2025Q2,historical,239357,subs,
GrocNow Delivery,GROC,Delivery,U.S. Net Added Subscribers,7/1/2025,9/30/2025,2025Q3,historical,236273,subs,
GrocNow Delivery,GROC,Delivery,U.S. Net Added Subscribers,10/1/2025,12/31/2025,2025Q4,historical,251784,subs,
GrocNow Delivery,GROC,Delivery,U.S. Net Added Subscribers,1/1/2026,3/31/2026,2026Q1,qtd,92007,subs,1/31/2026
GrocNow Delivery,GROC,Delivery,U.S. Net Added Subscribers,1/1/2026,3/31/2026,2026Q1,qtd,140956,subs,2/15/2026
GrocNow Delivery,GROC,Delivery,U.S. Net Added Subscribers,1/1/2026,3/31/2026,2026Q1,qtd,179041,subs,2/28/2026
GrocNow Delivery,GROC,Delivery,U.S. Net Added Subscribers,1/1/2026,3/31/2026,2026Q1,qtd,227259,subs,3/15/2026
GrocNow Delivery,GROC,Delivery,Units Sold,1/1/2022,3/31/2022,2022Q1,historical,9589242,units,
GrocNow Delivery,GROC,Delivery,Units Sold,4/1/2022,6/30/2022,2022Q2,historical,10970065,units,
GrocNow Delivery,GROC,Delivery,Units Sold,7/1/2022,9/30/2022,2022Q3,historical,10470501,units,
GrocNow Delivery,GROC,Delivery,Units Sold,10/1/2022,12/31/2022,2022Q4,historical,11649757,units,
GrocNow Delivery,GROC,Delivery,Units Sold,1/1/2023,3/31/2023,2023Q1,historical,9745395,units,
GrocNow Delivery,GROC,Delivery,Units Sold,4/1/2023,6/30/2023,2023Q2,historical,10416422,units,
GrocNow Delivery,GROC,Delivery,Units Sold,7/1/2023,9/30/2023,2023Q3,historical,10728683,units,
GrocNow Delivery,GROC,Delivery,Units Sold,10/1/2023,12/31/2023,2023Q4,historical,11255578,units,
GrocNow Delivery,GROC,Delivery,Units Sold,1/1/2024,3/31/2024,2024Q1,historical,10208334,units,
GrocNow Delivery,GROC,Delivery,Units Sold,4/1/2024,6/30/2024,2024Q2,historical,10650167,units,
GrocNow Delivery,GROC,Delivery,Units Sold,7/1/2024,9/30/2024,2024Q3,historical,11589221,units,
GrocNow Delivery,GROC,Delivery,Units Sold,10/1/2024,12/31/2024,2024Q4,historical,11727747,units,
GrocNow Delivery,GROC,Delivery,Units Sold,1/1/2025,3/31/2025,2025Q1,historical,8313633,units,
GrocNow Delivery,GROC,Delivery,Units Sold,4/1/2025,6/30/2025,2025Q2,historical,9150976,units,
GrocNow Delivery,GROC,Delivery,Units Sold,7/1/2025,9/30/2025,2025Q3,historical,9298034,units,
GrocNow Delivery,GROC,Delivery,Units Sold,10/1/2025,12/31/2025,2025Q4,historical,8853153,units,
GrocNow Delivery,GROC,Delivery,Units Sold,1/1/2026,3/31/2026,2026Q1,qtd,3481519,units,1/31/2026
GrocNow Delivery,GROC,Delivery,Units Sold,1/1/2026,3/31/2026,2026Q1,qtd,5333713,units,2/15/2026
GrocNow Delivery,GROC,Delivery,Units Sold,1/1/2026,3/31/2026,2026Q1,qtd,6774828,units,2/28/2026
GrocNow Delivery,GROC,Delivery,Units Sold,1/1/2026,3/31/2026,2026Q1,qtd,8599372,units,3/15/2026
FitPulse Wellness,FITP,Fitness,ASP ($),1/1/2022,3/31/2022,2022Q1,historical,56.02,$,
FitPulse Wellness,FITP,Fitness,ASP ($),4/1/2022,6/30/2022,2022Q2,historical,45.7,$,
FitPulse Wellness,FITP,Fitness,ASP ($),7/1/2022,9/30/2022,2022Q3,historical,42.97,$,
FitPulse Wellness,FITP,Fitness,ASP ($),10/1/2022,12/31/2022,2022Q4,historical,50.97,$,
FitPulse Wellness,FITP,Fitness,ASP ($),1/1/2023,3/31/2023,2023Q1,historical,57.24,$,
FitPulse Wellness,FITP,Fitness,ASP ($),4/1/2023,6/30/2023,2023Q2,historical,47.72,$,
FitPulse Wellness,FITP,Fitness,ASP ($),7/1/2023,9/30/2023,2023Q3,historical,46.32,$,
FitPulse Wellness,FITP,Fitness,ASP ($),10/1/2023,12/31/2023,2023Q4,historical,50.94,$,
FitPulse Wellness,FITP,Fitness,ASP ($),1/1/2024,3/31/2024,2024Q1,historical,58.9,$,
FitPulse Wellness,FITP,Fitness,ASP ($),4/1/2024,6/30/2024,2024Q2,historical,48.9,$,
FitPulse Wellness,FITP,Fitness,ASP ($),7/1/2024,9/30/2024,2024Q3,historical,48.67,$,
FitPulse Wellness,FITP,Fitness,ASP ($),10/1/2024,12/31/2024,2024Q4,historical,53.12,$,
FitPulse Wellness,FITP,Fitness,ASP ($),1/1/2025,3/31/2025,2025Q1,historical,62.48,$,
FitPulse Wellness,FITP,Fitness,ASP ($),4/1/2025,6/30/2025,2025Q2,historical,50.7,$,
FitPulse Wellness,FITP,Fitness,ASP ($),7/1/2025,9/30/2025,2025Q3,historical,50.01,$,
FitPulse Wellness,FITP,Fitness,ASP ($),10/1/2025,12/31/2025,2025Q4,historical,58.02,$,
FitPulse Wellness,FITP,Fitness,ASP ($),1/1/2026,3/31/2026,2026Q1,qtd,72.47,$,1/31/2026
FitPulse Wellness,FITP,Fitness,ASP ($),1/1/2026,3/31/2026,2026Q1,qtd,72.46,$,2/15/2026
FitPulse Wellness,FITP,Fitness,ASP ($),1/1/2026,3/31/2026,2026Q1,qtd,71.77,$,2/28/2026
FitPulse Wellness,FITP,Fitness,ASP ($),1/1/2026,3/31/2026,2026Q1,qtd,73.81,$,3/15/2026
FitPulse Wellness,FITP,Fitness,Global Net Added Subscribers,1/1/2022,3/31/2022,2022Q1,historical,523767,subs,
FitPulse Wellness,FITP,Fitness,Global Net Added Subscribers,4/1/2022,6/30/2022,2022Q2,historical,421414,subs,
FitPulse Wellness,FITP,Fitness,Global Net Added Subscribers,7/1/2022,9/30/2022,2022Q3,historical,383720,subs,
FitPulse Wellness,FITP,Fitness,Global Net Added Subscribers,10/1/2022,12/31/2022,2022Q4,historical,478735,subs,
FitPulse Wellness,FITP,Fitness,Global Net Added Subscribers,1/1/2023,3/31/2023,2023Q1,historical,570171,subs,
FitPulse Wellness,FITP,Fitness,Global Net Added Subscribers,4/1/2023,6/30/2023,2023Q2,historical,439512,subs,
FitPulse Wellness,FITP,Fitness,Global Net Added Subscribers,7/1/2023,9/30/2023,2023Q3,historical,414018,subs,
FitPulse Wellness,FITP,Fitness,Global Net Added Subscribers,10/1/2023,12/31/2023,2023Q4,historical,481760,subs,
FitPulse Wellness,FITP,Fitness,Global Net Added Subscribers,1/1/2024,3/31/2024,2024Q1,historical,556655,subs,
FitPulse Wellness,FITP,Fitness,Global Net Added Subscribers,4/1/2024,6/30/2024,2024Q2,historical,463962,subs,
FitPulse Wellness,FITP,Fitness,Global Net Added Subscribers,7/1/2024,9/30/2024,2024Q3,historical,421731,subs,
FitPulse Wellness,FITP,Fitness,Global Net Added Subscribers,10/1/2024,12/31/2024,2024Q4,historical,544390,subs,
FitPulse Wellness,FITP,Fitness,Global Net Added Subscribers,1/1/2025,3/31/2025,2025Q1,historical,629436,subs,
FitPulse Wellness,FITP,Fitness,Global Net Added Subscribers,4/1/2025,6/30/2025,2025Q2,historical,470420,subs,
FitPulse Wellness,FITP,Fitness,Global Net Added Subscribers,7/1/2025,9/30/2025,2025Q3,historical,483421,subs,
FitPulse Wellness,FITP,Fitness,Global Net Added Subscribers,10/1/2025,12/31/2025,2025Q4,historical,554976,subs,
FitPulse Wellness,FITP,Fitness,Global Net Added Subscribers,1/1/2026,3/31/2026,2026Q1,qtd,304314,subs,1/31/2026
FitPulse Wellness,FITP,Fitness,Global Net Added Subscribers,1/1/2026,3/31/2026,2026Q1,qtd,455470,subs,2/15/2026
FitPulse Wellness,FITP,Fitness,Global Net Added Subscribers,1/1/2026,3/31/2026,2026Q1,qtd,608395,subs,2/28/2026
FitPulse Wellness,FITP,Fitness,Global Net Added Subscribers,1/1/2026,3/31/2026,2026Q1,qtd,759726,subs,3/15/2026
FitPulse Wellness,FITP,Fitness,Total Revenue ($MM),1/1/2022,3/31/2022,2022Q1,historical,201.44,$MM,
FitPulse Wellness,FITP,Fitness,Total Revenue ($MM),4/1/2022,6/30/2022,2022Q2,historical,143.5,$MM,
FitPulse Wellness,FITP,Fitness,Total Revenue ($MM),7/1/2022,9/30/2022,2022Q3,historical,122.93,$MM,
FitPulse Wellness,FITP,Fitness,Total Revenue ($MM),10/1/2022,12/31/2022,2022Q4,historical,170.79,$MM,
FitPulse Wellness,FITP,Fitness,Total Revenue ($MM),1/1/2023,3/31/2023,2023Q1,historical,219.52,$MM,
FitPulse Wellness,FITP,Fitness,Total Revenue ($MM),4/1/2023,6/30/2023,2023Q2,historical,153.58,$MM,
FitPulse Wellness,FITP,Fitness,Total Revenue ($MM),7/1/2023,9/30/2023,2023Q3,historical,140.55,$MM,
FitPulse Wellness,FITP,Fitness,Total Revenue ($MM),10/1/2023,12/31/2023,2023Q4,historical,181.6,$MM,
FitPulse Wellness,FITP,Fitness,Total Revenue ($MM),1/1/2024,3/31/2024,2024Q1,historical,240.8,$MM,
FitPulse Wellness,FITP,Fitness,Total Revenue ($MM),4/1/2024,6/30/2024,2024Q2,historical,168.35,$MM,
FitPulse Wellness,FITP,Fitness,Total Revenue ($MM),7/1/2024,9/30/2024,2024Q3,historical,166.67,$MM,
FitPulse Wellness,FITP,Fitness,Total Revenue ($MM),10/1/2024,12/31/2024,2024Q4,historical,196.39,$MM,
FitPulse Wellness,FITP,Fitness,Total Revenue ($MM),1/1/2025,3/31/2025,2025Q1,historical,276.53,$MM,
FitPulse Wellness,FITP,Fitness,Total Revenue ($MM),4/1/2025,6/30/2025,2025Q2,historical,179.87,$MM,
FitPulse Wellness,FITP,Fitness,Total Revenue ($MM),7/1/2025,9/30/2025,2025Q3,historical,182.12,$MM,
FitPulse Wellness,FITP,Fitness,Total Revenue ($MM),10/1/2025,12/31/2025,2025Q4,historical,231.89,$MM,
FitPulse Wellness,FITP,Fitness,Total Revenue ($MM),1/1/2026,3/31/2026,2026Q1,qtd,158.67,$MM,1/31/2026
FitPulse Wellness,FITP,Fitness,Total Revenue ($MM),1/1/2026,3/31/2026,2026Q1,qtd,237.48,$MM,2/15/2026
FitPulse Wellness,FITP,Fitness,Total Revenue ($MM),1/1/2026,3/31/2026,2026Q1,qtd,317.21,$MM,2/28/2026
FitPulse Wellness,FITP,Fitness,Total Revenue ($MM),1/1/2026,3/31/2026,2026Q1,qtd,396.11,$MM,3/15/2026
FitPulse Wellness,FITP,Fitness,U.S. Net Added Subscribers,1/1/2022,3/31/2022,2022Q1,historical,284405,subs,
FitPulse Wellness,FITP,Fitness,U.S. Net Added Subscribers,4/1/2022,6/30/2022,2022Q2,historical,233031,subs,
FitPulse Wellness,FITP,Fitness,U.S. Net Added Subscribers,7/1/2022,9/30/2022,2022Q3,historical,213036,subs,
FitPulse Wellness,FITP,Fitness,U.S. Net Added Subscribers,10/1/2022,12/31/2022,2022Q4,historical,263002,subs,
FitPulse Wellness,FITP,Fitness,U.S. Net Added Subscribers,1/1/2023,3/31/2023,2023Q1,historical,303906,subs,
FitPulse Wellness,FITP,Fitness,U.S. Net Added Subscribers,4/1/2023,6/30/2023,2023Q2,historical,241473,subs,
FitPulse Wellness,FITP,Fitness,U.S. Net Added Subscribers,7/1/2023,9/30/2023,2023Q3,historical,229519,subs,
FitPulse Wellness,FITP,Fitness,U.S. Net Added Subscribers,10/1/2023,12/31/2023,2023Q4,historical,257278,subs,
FitPulse Wellness,FITP,Fitness,U.S. Net Added Subscribers,1/1/2024,3/31/2024,2024Q1,historical,312210,subs,
FitPulse Wellness,FITP,Fitness,U.S. Net Added Subscribers,4/1/2024,6/30/2024,2024Q2,historical,255184,subs,
FitPulse Wellness,FITP,Fitness,U.S. Net Added Subscribers,7/1/2024,9/30/2024,2024Q3,historical,238665,subs,
FitPulse Wellness,FITP,Fitness,U.S. Net Added Subscribers,10/1/2024,12/31/2024,2024Q4,historical,308088,subs,
FitPulse Wellness,FITP,Fitness,U.S. Net Added Subscribers,1/1/2025,3/31/2025,2025Q1,historical,343910,subs,
FitPulse Wellness,FITP,Fitness,U.S. Net Added Subscribers,4/1/2025,6/30/2025,2025Q2,historical,264968,subs,
FitPulse Wellness,FITP,Fitness,U.S. Net Added Subscribers,7/1/2025,9/30/2025,2025Q3,historical,257121,subs,
FitPulse Wellness,FITP,Fitness,U.S. Net Added Subscribers,10/1/2025,12/31/2025,2025Q4,historical,305822,subs,
FitPulse Wellness,FITP,Fitness,U.S. Net Added Subscribers,1/1/2026,3/31/2026,2026Q1,qtd,165138,subs,1/31/2026
FitPulse Wellness,FITP,Fitness,U.S. Net Added Subscribers,1/1/2026,3/31/2026,2026Q1,qtd,247163,subs,2/15/2026
FitPulse Wellness,FITP,Fitness,U.S. Net Added Subscribers,1/1/2026,3/31/2026,2026Q1,qtd,330149,subs,2/28/2026
FitPulse Wellness,FITP,Fitness,U.S. Net Added Subscribers,1/1/2026,3/31/2026,2026Q1,qtd,412269,subs,3/15/2026
FitPulse Wellness,FITP,Fitness,Units Sold,1/1/2022,3/31/2022,2022Q1,historical,3596135,units,
FitPulse Wellness,FITP,Fitness,Units Sold,4/1/2022,6/30/2022,2022Q2,historical,3140301,units,
FitPulse Wellness,FITP,Fitness,Units Sold,7/1/2022,9/30/2022,2022Q3,historical,2860854,units,
FitPulse Wellness,FITP,Fitness,Units Sold,10/1/2022,12/31/2022,2022Q4,historical,3350867,units,
FitPulse Wellness,FITP,Fitness,Units Sold,1/1/2023,3/31/2023,2023Q1,historical,3834940,units,
FitPulse Wellness,FITP,Fitness,Units Sold,4/1/2023,6/30/2023,2023Q2,historical,3218155,units,
FitPulse Wellness,FITP,Fitness,Units Sold,7/1/2023,9/30/2023,2023Q3,historical,3034594,units,
FitPulse Wellness,FITP,Fitness,Units Sold,10/1/2023,12/31/2023,2023Q4,historical,3564985,units,
FitPulse Wellness,FITP,Fitness,Units Sold,1/1/2024,3/31/2024,2024Q1,historical,4088491,units,
FitPulse Wellness,FITP,Fitness,Units Sold,4/1/2024,6/30/2024,2024Q2,historical,3442595,units,
FitPulse Wellness,FITP,Fitness,Units Sold,7/1/2024,9/30/2024,2024Q3,historical,3424232,units,
FitPulse Wellness,FITP,Fitness,Units Sold,10/1/2024,12/31/2024,2024Q4,historical,3696797,units,
FitPulse Wellness,FITP,Fitness,Units Sold,1/1/2025,3/31/2025,2025Q1,historical,4425711,units,
FitPulse Wellness,FITP,Fitness,Units Sold,4/1/2025,6/30/2025,2025Q2,historical,3547787,units,
FitPulse Wellness,FITP,Fitness,Units Sold,7/1/2025,9/30/2025,2025Q3,historical,3641684,units,
FitPulse Wellness,FITP,Fitness,Units Sold,10/1/2025,12/31/2025,2025Q4,historical,3996960,units,
FitPulse Wellness,FITP,Fitness,Units Sold,1/1/2026,3/31/2026,2026Q1,qtd,2190916,units,1/31/2026
FitPulse Wellness,FITP,Fitness,Units Sold,1/1/2026,3/31/2026,2026Q1,qtd,3279166,units,2/15/2026
FitPulse Wellness,FITP,Fitness,Units Sold,1/1/2026,3/31/2026,2026Q1,qtd,4380155,units,2/28/2026
FitPulse Wellness,FITP,Fitness,Units Sold,1/1/2026,3/31/2026,2026Q1,qtd,5469666,units,3/15/2026
SkyTravel Holdings,SKYT,Travel,ASP ($),1/1/2022,3/31/2022,2022Q1,historical,133.68,$,
SkyTravel Holdings,SKYT,Travel,ASP ($),4/1/2022,6/30/2022,2022Q2,historical,166.5,$,
SkyTravel Holdings,SKYT,Travel,ASP ($),7/1/2022,9/30/2022,2022Q3,historical,197.3,$,
SkyTravel Holdings,SKYT,Travel,ASP ($),10/1/2022,12/31/2022,2022Q4,historical,166.3,$,
SkyTravel Holdings,SKYT,Travel,ASP ($),1/1/2023,3/31/2023,2023Q1,historical,139.74,$,
SkyTravel Holdings,SKYT,Travel,ASP ($),4/1/2023,6/30/2023,2023Q2,historical,170.42,$,
SkyTravel Holdings,SKYT,Travel,ASP ($),7/1/2023,9/30/2023,2023Q3,historical,199.76,$,
SkyTravel Holdings,SKYT,Travel,ASP ($),10/1/2023,12/31/2023,2023Q4,historical,171.67,$,
SkyTravel Holdings,SKYT,Travel,ASP ($),1/1/2024,3/31/2024,2024Q1,historical,149.76,$,
SkyTravel Holdings,SKYT,Travel,ASP ($),4/1/2024,6/30/2024,2024Q2,historical,185.56,$,
SkyTravel Holdings,SKYT,Travel,ASP ($),7/1/2024,9/30/2024,2024Q3,historical,220.99,$,
SkyTravel Holdings,SKYT,Travel,ASP ($),10/1/2024,12/31/2024,2024Q4,historical,182.53,$,
SkyTravel Holdings,SKYT,Travel,ASP ($),1/1/2025,3/31/2025,2025Q1,historical,153.56,$,
SkyTravel Holdings,SKYT,Travel,ASP ($),4/1/2025,6/30/2025,2025Q2,historical,192.57,$,
SkyTravel Holdings,SKYT,Travel,ASP ($),7/1/2025,9/30/2025,2025Q3,historical,224.67,$,
SkyTravel Holdings,SKYT,Travel,ASP ($),10/1/2025,12/31/2025,2025Q4,historical,195.19,$,
SkyTravel Holdings,SKYT,Travel,ASP ($),1/1/2026,3/31/2026,2026Q1,qtd,139.37,$,1/31/2026
SkyTravel Holdings,SKYT,Travel,ASP ($),1/1/2026,3/31/2026,2026Q1,qtd,141.16,$,2/15/2026
SkyTravel Holdings,SKYT,Travel,ASP ($),1/1/2026,3/31/2026,2026Q1,qtd,138.76,$,2/28/2026
SkyTravel Holdings,SKYT,Travel,ASP ($),1/1/2026,3/31/2026,2026Q1,qtd,136.83,$,3/15/2026
SkyTravel Holdings,SKYT,Travel,Global Net Added Subscribers,1/1/2022,3/31/2022,2022Q1,historical,204987,subs,
SkyTravel Holdings,SKYT,Travel,Global Net Added Subscribers,4/1/2022,6/30/2022,2022Q2,historical,269781,subs,
SkyTravel Holdings,SKYT,Travel,Global Net Added Subscribers,7/1/2022,9/30/2022,2022Q3,historical,301933,subs,
SkyTravel Holdings,SKYT,Travel,Global Net Added Subscribers,10/1/2022,12/31/2022,2022Q4,historical,255564,subs,
SkyTravel Holdings,SKYT,Travel,Global Net Added Subscribers,1/1/2023,3/31/2023,2023Q1,historical,225721,subs,
SkyTravel Holdings,SKYT,Travel,Global Net Added Subscribers,4/1/2023,6/30/2023,2023Q2,historical,273138,subs,
SkyTravel Holdings,SKYT,Travel,Global Net Added Subscribers,7/1/2023,9/30/2023,2023Q3,historical,302976,subs,
SkyTravel Holdings,SKYT,Travel,Global Net Added Subscribers,10/1/2023,12/31/2023,2023Q4,historical,255063,subs,
SkyTravel Holdings,SKYT,Travel,Global Net Added Subscribers,1/1/2024,3/31/2024,2024Q1,historical,233943,subs,
SkyTravel Holdings,SKYT,Travel,Global Net Added Subscribers,4/1/2024,6/30/2024,2024Q2,historical,303819,subs,
SkyTravel Holdings,SKYT,Travel,Global Net Added Subscribers,7/1/2024,9/30/2024,2024Q3,historical,318143,subs,
SkyTravel Holdings,SKYT,Travel,Global Net Added Subscribers,10/1/2024,12/31/2024,2024Q4,historical,268276,subs,
SkyTravel Holdings,SKYT,Travel,Global Net Added Subscribers,1/1/2025,3/31/2025,2025Q1,historical,245314,subs,
SkyTravel Holdings,SKYT,Travel,Global Net Added Subscribers,4/1/2025,6/30/2025,2025Q2,historical,304675,subs,
SkyTravel Holdings,SKYT,Travel,Global Net Added Subscribers,7/1/2025,9/30/2025,2025Q3,historical,332378,subs,
SkyTravel Holdings,SKYT,Travel,Global Net Added Subscribers,10/1/2025,12/31/2025,2025Q4,historical,301479,subs,
SkyTravel Holdings,SKYT,Travel,Global Net Added Subscribers,1/1/2026,3/31/2026,2026Q1,qtd,49390,subs,1/31/2026
SkyTravel Holdings,SKYT,Travel,Global Net Added Subscribers,1/1/2026,3/31/2026,2026Q1,qtd,74621,subs,2/15/2026
SkyTravel Holdings,SKYT,Travel,Global Net Added Subscribers,1/1/2026,3/31/2026,2026Q1,qtd,94391,subs,2/28/2026
SkyTravel Holdings,SKYT,Travel,Global Net Added Subscribers,1/1/2026,3/31/2026,2026Q1,qtd,117786,subs,3/15/2026
SkyTravel Holdings,SKYT,Travel,Total Revenue ($MM),1/1/2022,3/31/2022,2022Q1,historical,171.69,$MM,
SkyTravel Holdings,SKYT,Travel,Total Revenue ($MM),4/1/2022,6/30/2022,2022Q2,historical,282.93,$MM,
SkyTravel Holdings,SKYT,Travel,Total Revenue ($MM),7/1/2022,9/30/2022,2022Q3,historical,387.37,$MM,
SkyTravel Holdings,SKYT,Travel,Total Revenue ($MM),10/1/2022,12/31/2022,2022Q4,historical,291.95,$MM,
SkyTravel Holdings,SKYT,Travel,Total Revenue ($MM),1/1/2023,3/31/2023,2023Q1,historical,204.23,$MM,
SkyTravel Holdings,SKYT,Travel,Total Revenue ($MM),4/1/2023,6/30/2023,2023Q2,historical,305.65,$MM,
SkyTravel Holdings,SKYT,Travel,Total Revenue ($MM),7/1/2023,9/30/2023,2023Q3,historical,424.98,$MM,
SkyTravel Holdings,SKYT,Travel,Total Revenue ($MM),10/1/2023,12/31/2023,2023Q4,historical,323.88,$MM,
SkyTravel Holdings,SKYT,Travel,Total Revenue ($MM),1/1/2024,3/31/2024,2024Q1,historical,232.33,$MM,
SkyTravel Holdings,SKYT,Travel,Total Revenue ($MM),4/1/2024,6/30/2024,2024Q2,historical,370.36,$MM,
SkyTravel Holdings,SKYT,Travel,Total Revenue ($MM),7/1/2024,9/30/2024,2024Q3,historical,514.79,$MM,
SkyTravel Holdings,SKYT,Travel,Total Revenue ($MM),10/1/2024,12/31/2024,2024Q4,historical,350.4,$MM,
SkyTravel Holdings,SKYT,Travel,Total Revenue ($MM),1/1/2025,3/31/2025,2025Q1,historical,259.9,$MM,
SkyTravel Holdings,SKYT,Travel,Total Revenue ($MM),4/1/2025,6/30/2025,2025Q2,historical,404.52,$MM,
SkyTravel Holdings,SKYT,Travel,Total Revenue ($MM),7/1/2025,9/30/2025,2025Q3,historical,554,$MM,
SkyTravel Holdings,SKYT,Travel,Total Revenue ($MM),10/1/2025,12/31/2025,2025Q4,historical,423.61,$MM,
SkyTravel Holdings,SKYT,Travel,Total Revenue ($MM),1/1/2026,3/31/2026,2026Q1,qtd,45.4,$MM,1/31/2026
SkyTravel Holdings,SKYT,Travel,Total Revenue ($MM),1/1/2026,3/31/2026,2026Q1,qtd,68.59,$MM,2/15/2026
SkyTravel Holdings,SKYT,Travel,Total Revenue ($MM),1/1/2026,3/31/2026,2026Q1,qtd,86.76,$MM,2/28/2026
SkyTravel Holdings,SKYT,Travel,Total Revenue ($MM),1/1/2026,3/31/2026,2026Q1,qtd,108.26,$MM,3/15/2026
SkyTravel Holdings,SKYT,Travel,U.S. Net Added Subscribers,1/1/2022,3/31/2022,2022Q1,historical,70008,subs,
SkyTravel Holdings,SKYT,Travel,U.S. Net Added Subscribers,4/1/2022,6/30/2022,2022Q2,historical,91985,subs,
SkyTravel Holdings,SKYT,Travel,U.S. Net Added Subscribers,7/1/2022,9/30/2022,2022Q3,historical,107874,subs,
SkyTravel Holdings,SKYT,Travel,U.S. Net Added Subscribers,10/1/2022,12/31/2022,2022Q4,historical,90416,subs,
SkyTravel Holdings,SKYT,Travel,U.S. Net Added Subscribers,1/1/2023,3/31/2023,2023Q1,historical,76796,subs,
SkyTravel Holdings,SKYT,Travel,U.S. Net Added Subscribers,4/1/2023,6/30/2023,2023Q2,historical,93875,subs,
SkyTravel Holdings,SKYT,Travel,U.S. Net Added Subscribers,7/1/2023,9/30/2023,2023Q3,historical,105634,subs,
SkyTravel Holdings,SKYT,Travel,U.S. Net Added Subscribers,10/1/2023,12/31/2023,2023Q4,historical,91873,subs,
SkyTravel Holdings,SKYT,Travel,U.S. Net Added Subscribers,1/1/2024,3/31/2024,2024Q1,historical,81636,subs,
SkyTravel Holdings,SKYT,Travel,U.S. Net Added Subscribers,4/1/2024,6/30/2024,2024Q2,historical,105909,subs,
SkyTravel Holdings,SKYT,Travel,U.S. Net Added Subscribers,7/1/2024,9/30/2024,2024Q3,historical,111133,subs,
SkyTravel Holdings,SKYT,Travel,U.S. Net Added Subscribers,10/1/2024,12/31/2024,2024Q4,historical,96895,subs,
SkyTravel Holdings,SKYT,Travel,U.S. Net Added Subscribers,1/1/2025,3/31/2025,2025Q1,historical,83611,subs,
SkyTravel Holdings,SKYT,Travel,U.S. Net Added Subscribers,4/1/2025,6/30/2025,2025Q2,historical,106830,subs,
SkyTravel Holdings,SKYT,Travel,U.S. Net Added Subscribers,7/1/2025,9/30/2025,2025Q3,historical,115483,subs,
SkyTravel Holdings,SKYT,Travel,U.S. Net Added Subscribers,10/1/2025,12/31/2025,2025Q4,historical,106761,subs,
SkyTravel Holdings,SKYT,Travel,U.S. Net Added Subscribers,1/1/2026,3/31/2026,2026Q1,qtd,16988,subs,1/31/2026
SkyTravel Holdings,SKYT,Travel,U.S. Net Added Subscribers,1/1/2026,3/31/2026,2026Q1,qtd,25666,subs,2/15/2026
SkyTravel Holdings,SKYT,Travel,U.S. Net Added Subscribers,1/1/2026,3/31/2026,2026Q1,qtd,32466,subs,2/28/2026
SkyTravel Holdings,SKYT,Travel,U.S. Net Added Subscribers,1/1/2026,3/31/2026,2026Q1,qtd,40513,subs,3/15/2026
SkyTravel Holdings,SKYT,Travel,Units Sold,1/1/2022,3/31/2022,2022Q1,historical,1284319,units,
SkyTravel Holdings,SKYT,Travel,Units Sold,4/1/2022,6/30/2022,2022Q2,historical,1699293,units,
SkyTravel Holdings,SKYT,Travel,Units Sold,7/1/2022,9/30/2022,2022Q3,historical,1963351,units,
SkyTravel Holdings,SKYT,Travel,Units Sold,10/1/2022,12/31/2022,2022Q4,historical,1755548,units,
SkyTravel Holdings,SKYT,Travel,Units Sold,1/1/2023,3/31/2023,2023Q1,historical,1461534,units,
SkyTravel Holdings,SKYT,Travel,Units Sold,4/1/2023,6/30/2023,2023Q2,historical,1793529,units,
SkyTravel Holdings,SKYT,Travel,Units Sold,7/1/2023,9/30/2023,2023Q3,historical,2127443,units,
SkyTravel Holdings,SKYT,Travel,Units Sold,10/1/2023,12/31/2023,2023Q4,historical,1886667,units,
SkyTravel Holdings,SKYT,Travel,Units Sold,1/1/2024,3/31/2024,2024Q1,historical,1551361,units,
SkyTravel Holdings,SKYT,Travel,Units Sold,4/1/2024,6/30/2024,2024Q2,historical,1995924,units,
SkyTravel Holdings,SKYT,Travel,Units Sold,7/1/2024,9/30/2024,2024Q3,historical,2329417,units,
SkyTravel Holdings,SKYT,Travel,Units Sold,10/1/2024,12/31/2024,2024Q4,historical,1919670,units,
SkyTravel Holdings,SKYT,Travel,Units Sold,1/1/2025,3/31/2025,2025Q1,historical,1692462,units,
SkyTravel Holdings,SKYT,Travel,Units Sold,4/1/2025,6/30/2025,2025Q2,historical,2100654,units,
SkyTravel Holdings,SKYT,Travel,Units Sold,7/1/2025,9/30/2025,2025Q3,historical,2465836,units,
SkyTravel Holdings,SKYT,Travel,Units Sold,10/1/2025,12/31/2025,2025Q4,historical,2170252,units,
SkyTravel Holdings,SKYT,Travel,Units Sold,1/1/2026,3/31/2026,2026Q1,qtd,328795,units,1/31/2026
SkyTravel Holdings,SKYT,Travel,Units Sold,1/1/2026,3/31/2026,2026Q1,qtd,496763,units,2/15/2026
SkyTravel Holdings,SKYT,Travel,Units Sold,1/1/2026,3/31/2026,2026Q1,qtd,628372,units,2/28/2026
SkyTravel Holdings,SKYT,Travel,Units Sold,1/1/2026,3/31/2026,2026Q1,qtd,784117,units,3/15/2026
BuzzSocial Media,BUZZ,Social Media,ASP ($),1/1/2022,3/31/2022,2022Q1,historical,5.09,$,
BuzzSocial Media,BUZZ,Social Media,ASP ($),4/1/2022,6/30/2022,2022Q2,historical,5.67,$,
BuzzSocial Media,BUZZ,Social Media,ASP ($),7/1/2022,9/30/2022,2022Q3,historical,5.55,$,
BuzzSocial Media,BUZZ,Social Media,ASP ($),10/1/2022,12/31/2022,2022Q4,historical,6.44,$,
BuzzSocial Media,BUZZ,Social Media,ASP ($),1/1/2023,3/31/2023,2023Q1,historical,5.01,$,
BuzzSocial Media,BUZZ,Social Media,ASP ($),4/1/2023,6/30/2023,2023Q2,historical,5.79,$,
BuzzSocial Media,BUZZ,Social Media,ASP ($),7/1/2023,9/30/2023,2023Q3,historical,5.41,$,
BuzzSocial Media,BUZZ,Social Media,ASP ($),10/1/2023,12/31/2023,2023Q4,historical,6.62,$,
BuzzSocial Media,BUZZ,Social Media,ASP ($),1/1/2024,3/31/2024,2024Q1,historical,5.23,$,
BuzzSocial Media,BUZZ,Social Media,ASP ($),4/1/2024,6/30/2024,2024Q2,historical,5.87,$,
BuzzSocial Media,BUZZ,Social Media,ASP ($),7/1/2024,9/30/2024,2024Q3,historical,5.64,$,
BuzzSocial Media,BUZZ,Social Media,ASP ($),10/1/2024,12/31/2024,2024Q4,historical,6.6,$,
BuzzSocial Media,BUZZ,Social Media,ASP ($),1/1/2025,3/31/2025,2025Q1,historical,5.27,$,
BuzzSocial Media,BUZZ,Social Media,ASP ($),4/1/2025,6/30/2025,2025Q2,historical,5.99,$,
BuzzSocial Media,BUZZ,Social Media,ASP ($),7/1/2025,9/30/2025,2025Q3,historical,5.31,$,
BuzzSocial Media,BUZZ,Social Media,ASP ($),10/1/2025,12/31/2025,2025Q4,historical,6.6,$,
BuzzSocial Media,BUZZ,Social Media,ASP ($),1/1/2026,3/31/2026,2026Q1,qtd,5.39,$,1/31/2026
BuzzSocial Media,BUZZ,Social Media,ASP ($),1/1/2026,3/31/2026,2026Q1,qtd,5.21,$,2/15/2026
BuzzSocial Media,BUZZ,Social Media,ASP ($),1/1/2026,3/31/2026,2026Q1,qtd,5.21,$,2/28/2026
BuzzSocial Media,BUZZ,Social Media,ASP ($),1/1/2026,3/31/2026,2026Q1,qtd,5.17,$,3/15/2026
BuzzSocial Media,BUZZ,Social Media,Global Net Added Subscribers,1/1/2022,3/31/2022,2022Q1,historical,1691525,subs,
BuzzSocial Media,BUZZ,Social Media,Global Net Added Subscribers,4/1/2022,6/30/2022,2022Q2,historical,1835119,subs,
BuzzSocial Media,BUZZ,Social Media,Global Net Added Subscribers,7/1/2022,9/30/2022,2022Q3,historical,1904101,subs,
BuzzSocial Media,BUZZ,Social Media,Global Net Added Subscribers,10/1/2022,12/31/2022,2022Q4,historical,1987464,subs,
BuzzSocial Media,BUZZ,Social Media,Global Net Added Subscribers,1/1/2023,3/31/2023,2023Q1,historical,1736222,subs,
BuzzSocial Media,BUZZ,Social Media,Global Net Added Subscribers,4/1/2023,6/30/2023,2023Q2,historical,1895543,subs,
BuzzSocial Media,BUZZ,Social Media,Global Net Added Subscribers,7/1/2023,9/30/2023,2023Q3,historical,1856429,subs,
BuzzSocial Media,BUZZ,Social Media,Global Net Added Subscribers,10/1/2023,12/31/2023,2023Q4,historical,1959617,subs,
BuzzSocial Media,BUZZ,Social Media,Global Net Added Subscribers,1/1/2024,3/31/2024,2024Q1,historical,1858031,subs,
BuzzSocial Media,BUZZ,Social Media,Global Net Added Subscribers,4/1/2024,6/30/2024,2024Q2,historical,2107248,subs,
BuzzSocial Media,BUZZ,Social Media,Global Net Added Subscribers,7/1/2024,9/30/2024,2024Q3,historical,2063812,subs,
BuzzSocial Media,BUZZ,Social Media,Global Net Added Subscribers,10/1/2024,12/31/2024,2024Q4,historical,2208560,subs,
BuzzSocial Media,BUZZ,Social Media,Global Net Added Subscribers,1/1/2025,3/31/2025,2025Q1,historical,2034056,subs,
BuzzSocial Media,BUZZ,Social Media,Global Net Added Subscribers,4/1/2025,6/30/2025,2025Q2,historical,2239837,subs,
BuzzSocial Media,BUZZ,Social Media,Global Net Added Subscribers,7/1/2025,9/30/2025,2025Q3,historical,1156117,subs,
BuzzSocial Media,BUZZ,Social Media,Global Net Added Subscribers,10/1/2025,12/31/2025,2025Q4,historical,1583320,subs,
BuzzSocial Media,BUZZ,Social Media,Global Net Added Subscribers,1/1/2026,3/31/2026,2026Q1,qtd,718382,subs,1/31/2026
BuzzSocial Media,BUZZ,Social Media,Global Net Added Subscribers,1/1/2026,3/31/2026,2026Q1,qtd,1110359,subs,2/15/2026
BuzzSocial Media,BUZZ,Social Media,Global Net Added Subscribers,1/1/2026,3/31/2026,2026Q1,qtd,1431945,subs,2/28/2026
BuzzSocial Media,BUZZ,Social Media,Global Net Added Subscribers,1/1/2026,3/31/2026,2026Q1,qtd,1810915,subs,3/15/2026
BuzzSocial Media,BUZZ,Social Media,Total Revenue ($MM),1/1/2022,3/31/2022,2022Q1,historical,209.37,$MM,
BuzzSocial Media,BUZZ,Social Media,Total Revenue ($MM),4/1/2022,6/30/2022,2022Q2,historical,257.67,$MM,
BuzzSocial Media,BUZZ,Social Media,Total Revenue ($MM),7/1/2022,9/30/2022,2022Q3,historical,260.47,$MM,
BuzzSocial Media,BUZZ,Social Media,Total Revenue ($MM),10/1/2022,12/31/2022,2022Q4,historical,356.27,$MM,
BuzzSocial Media,BUZZ,Social Media,Total Revenue ($MM),1/1/2023,3/31/2023,2023Q1,historical,221.41,$MM,
BuzzSocial Media,BUZZ,Social Media,Total Revenue ($MM),4/1/2023,6/30/2023,2023Q2,historical,294.48,$MM,
BuzzSocial Media,BUZZ,Social Media,Total Revenue ($MM),7/1/2023,9/30/2023,2023Q3,historical,284.45,$MM,
BuzzSocial Media,BUZZ,Social Media,Total Revenue ($MM),10/1/2023,12/31/2023,2023Q4,historical,416.28,$MM,
BuzzSocial Media,BUZZ,Social Media,Total Revenue ($MM),1/1/2024,3/31/2024,2024Q1,historical,250.64,$MM,
BuzzSocial Media,BUZZ,Social Media,Total Revenue ($MM),4/1/2024,6/30/2024,2024Q2,historical,336.86,$MM,
BuzzSocial Media,BUZZ,Social Media,Total Revenue ($MM),7/1/2024,9/30/2024,2024Q3,historical,316.37,$MM,
BuzzSocial Media,BUZZ,Social Media,Total Revenue ($MM),10/1/2024,12/31/2024,2024Q4,historical,436.7,$MM,
BuzzSocial Media,BUZZ,Social Media,Total Revenue ($MM),1/1/2025,3/31/2025,2025Q1,historical,282.46,$MM,
BuzzSocial Media,BUZZ,Social Media,Total Revenue ($MM),4/1/2025,6/30/2025,2025Q2,historical,367.43,$MM,
BuzzSocial Media,BUZZ,Social Media,Total Revenue ($MM),7/1/2025,9/30/2025,2025Q3,historical,162.4,$MM,
BuzzSocial Media,BUZZ,Social Media,Total Revenue ($MM),10/1/2025,12/31/2025,2025Q4,historical,351.89,$MM,
BuzzSocial Media,BUZZ,Social Media,Total Revenue ($MM),1/1/2026,3/31/2026,2026Q1,qtd,107.42,$MM,1/31/2026
BuzzSocial Media,BUZZ,Social Media,Total Revenue ($MM),1/1/2026,3/31/2026,2026Q1,qtd,166.03,$MM,2/15/2026
BuzzSocial Media,BUZZ,Social Media,Total Revenue ($MM),1/1/2026,3/31/2026,2026Q1,qtd,214.11,$MM,2/28/2026
BuzzSocial Media,BUZZ,Social Media,Total Revenue ($MM),1/1/2026,3/31/2026,2026Q1,qtd,270.78,$MM,3/15/2026
BuzzSocial Media,BUZZ,Social Media,U.S. Net Added Subscribers,1/1/2022,3/31/2022,2022Q1,historical,477228,subs,
BuzzSocial Media,BUZZ,Social Media,U.S. Net Added Subscribers,4/1/2022,6/30/2022,2022Q2,historical,525822,subs,
BuzzSocial Media,BUZZ,Social Media,U.S. Net Added Subscribers,7/1/2022,9/30/2022,2022Q3,historical,543333,subs,
BuzzSocial Media,BUZZ,Social Media,U.S. Net Added Subscribers,10/1/2022,12/31/2022,2022Q4,historical,553080,subs,
BuzzSocial Media,BUZZ,Social Media,U.S. Net Added Subscribers,1/1/2023,3/31/2023,2023Q1,historical,475027,subs,
BuzzSocial Media,BUZZ,Social Media,U.S. Net Added Subscribers,4/1/2023,6/30/2023,2023Q2,historical,515363,subs,
BuzzSocial Media,BUZZ,Social Media,U.S. Net Added Subscribers,7/1/2023,9/30/2023,2023Q3,historical,531064,subs,
BuzzSocial Media,BUZZ,Social Media,U.S. Net Added Subscribers,10/1/2023,12/31/2023,2023Q4,historical,541527,subs,
BuzzSocial Media,BUZZ,Social Media,U.S. Net Added Subscribers,1/1/2024,3/31/2024,2024Q1,historical,506191,subs,
BuzzSocial Media,BUZZ,Social Media,U.S. Net Added Subscribers,4/1/2024,6/30/2024,2024Q2,historical,574242,subs,
BuzzSocial Media,BUZZ,Social Media,U.S. Net Added Subscribers,7/1/2024,9/30/2024,2024Q3,historical,565734,subs,
BuzzSocial Media,BUZZ,Social Media,U.S. Net Added Subscribers,10/1/2024,12/31/2024,2024Q4,historical,615870,subs,
BuzzSocial Media,BUZZ,Social Media,U.S. Net Added Subscribers,1/1/2025,3/31/2025,2025Q1,historical,568124,subs,
BuzzSocial Media,BUZZ,Social Media,U.S. Net Added Subscribers,4/1/2025,6/30/2025,2025Q2,historical,651460,subs,
BuzzSocial Media,BUZZ,Social Media,U.S. Net Added Subscribers,7/1/2025,9/30/2025,2025Q3,historical,324424,subs,
BuzzSocial Media,BUZZ,Social Media,U.S. Net Added Subscribers,10/1/2025,12/31/2025,2025Q4,historical,430505,subs,
BuzzSocial Media,BUZZ,Social Media,U.S. Net Added Subscribers,1/1/2026,3/31/2026,2026Q1,qtd,202025,subs,1/31/2026
BuzzSocial Media,BUZZ,Social Media,U.S. Net Added Subscribers,1/1/2026,3/31/2026,2026Q1,qtd,312257,subs,2/15/2026
BuzzSocial Media,BUZZ,Social Media,U.S. Net Added Subscribers,1/1/2026,3/31/2026,2026Q1,qtd,402694,subs,2/28/2026
BuzzSocial Media,BUZZ,Social Media,U.S. Net Added Subscribers,1/1/2026,3/31/2026,2026Q1,qtd,509269,subs,3/15/2026
BuzzSocial Media,BUZZ,Social Media,Units Sold,1/1/2022,3/31/2022,2022Q1,historical,41143075,units,
BuzzSocial Media,BUZZ,Social Media,Units Sold,4/1/2022,6/30/2022,2022Q2,historical,45422357,units,
BuzzSocial Media,BUZZ,Social Media,Units Sold,7/1/2022,9/30/2022,2022Q3,historical,46963117,units,
BuzzSocial Media,BUZZ,Social Media,Units Sold,10/1/2022,12/31/2022,2022Q4,historical,55361136,units,
BuzzSocial Media,BUZZ,Social Media,Units Sold,1/1/2023,3/31/2023,2023Q1,historical,44213023,units,
BuzzSocial Media,BUZZ,Social Media,Units Sold,4/1/2023,6/30/2023,2023Q2,historical,50857450,units,
BuzzSocial Media,BUZZ,Social Media,Units Sold,7/1/2023,9/30/2023,2023Q3,historical,52551673,units,
BuzzSocial Media,BUZZ,Social Media,Units Sold,10/1/2023,12/31/2023,2023Q4,historical,62851321,units,
BuzzSocial Media,BUZZ,Social Media,Units Sold,1/1/2024,3/31/2024,2024Q1,historical,47888837,units,
BuzzSocial Media,BUZZ,Social Media,Units Sold,4/1/2024,6/30/2024,2024Q2,historical,57417664,units,
BuzzSocial Media,BUZZ,Social Media,Units Sold,7/1/2024,9/30/2024,2024Q3,historical,56049154,units,
BuzzSocial Media,BUZZ,Social Media,Units Sold,10/1/2024,12/31/2024,2024Q4,historical,66151925,units,
BuzzSocial Media,BUZZ,Social Media,Units Sold,1/1/2025,3/31/2025,2025Q1,historical,53637765,units,
BuzzSocial Media,BUZZ,Social Media,Units Sold,4/1/2025,6/30/2025,2025Q2,historical,61377139,units,
BuzzSocial Media,BUZZ,Social Media,Units Sold,7/1/2025,9/30/2025,2025Q3,historical,30612142,units,
BuzzSocial Media,BUZZ,Social Media,Units Sold,10/1/2025,12/31/2025,2025Q4,historical,53326867,units,
BuzzSocial Media,BUZZ,Social Media,Units Sold,1/1/2026,3/31/2026,2026Q1,qtd,20343898,units,1/31/2026
BuzzSocial Media,BUZZ,Social Media,Units Sold,1/1/2026,3/31/2026,2026Q1,qtd,31444344,units,2/15/2026
BuzzSocial Media,BUZZ,Social Media,Units Sold,1/1/2026,3/31/2026,2026Q1,qtd,40551348,units,2/28/2026
BuzzSocial Media,BUZZ,Social Media,Units Sold,1/1/2026,3/31/2026,2026Q1,qtd,51283417,units,3/15/2026
StreamWave Entertainment,STRM,Entertainment,ASP ($),1/1/2022,3/31/2022,2022Q1,historical,13.72,$,
StreamWave Entertainment,STRM,Entertainment,ASP ($),4/1/2022,6/30/2022,2022Q2,historical,14.17,$,
StreamWave Entertainment,STRM,Entertainment,ASP ($),7/1/2022,9/30/2022,2022Q3,historical,14.44,$,
StreamWave Entertainment,STRM,Entertainment,ASP ($),10/1/2022,12/31/2022,2022Q4,historical,16.36,$,
StreamWave Entertainment,STRM,Entertainment,ASP ($),1/1/2023,3/31/2023,2023Q1,historical,13.8,$,
StreamWave Entertainment,STRM,Entertainment,ASP ($),4/1/2023,6/30/2023,2023Q2,historical,14.32,$,
StreamWave Entertainment,STRM,Entertainment,ASP ($),7/1/2023,9/30/2023,2023Q3,historical,14.65,$,
StreamWave Entertainment,STRM,Entertainment,ASP ($),10/1/2023,12/31/2023,2023Q4,historical,16.55,$,
StreamWave Entertainment,STRM,Entertainment,ASP ($),1/1/2024,3/31/2024,2024Q1,historical,14.28,$,
StreamWave Entertainment,STRM,Entertainment,ASP ($),4/1/2024,6/30/2024,2024Q2,historical,14.96,$,
StreamWave Entertainment,STRM,Entertainment,ASP ($),7/1/2024,9/30/2024,2024Q3,historical,14.95,$,
StreamWave Entertainment,STRM,Entertainment,ASP ($),10/1/2024,12/31/2024,2024Q4,historical,16.65,$,
StreamWave Entertainment,STRM,Entertainment,ASP ($),1/1/2025,3/31/2025,2025Q1,historical,17.19,$,
StreamWave Entertainment,STRM,Entertainment,ASP ($),4/1/2025,6/30/2025,2025Q2,historical,18.46,$,
StreamWave Entertainment,STRM,Entertainment,ASP ($),7/1/2025,9/30/2025,2025Q3,historical,19.58,$,
StreamWave Entertainment,STRM,Entertainment,ASP ($),10/1/2025,12/31/2025,2025Q4,historical,21.94,$,
StreamWave Entertainment,STRM,Entertainment,ASP ($),1/1/2026,3/31/2026,2026Q1,qtd,14.95,$,1/31/2026
StreamWave Entertainment,STRM,Entertainment,ASP ($),1/1/2026,3/31/2026,2026Q1,qtd,15.66,$,2/15/2026
StreamWave Entertainment,STRM,Entertainment,ASP ($),1/1/2026,3/31/2026,2026Q1,qtd,15.63,$,2/28/2026
StreamWave Entertainment,STRM,Entertainment,ASP ($),1/1/2026,3/31/2026,2026Q1,qtd,15.55,$,3/15/2026
StreamWave Entertainment,STRM,Entertainment,Global Net Added Subscribers,1/1/2022,3/31/2022,2022Q1,historical,1084979,subs,
StreamWave Entertainment,STRM,Entertainment,Global Net Added Subscribers,4/1/2022,6/30/2022,2022Q2,historical,1135821,subs,
StreamWave Entertainment,STRM,Entertainment,Global Net Added Subscribers,7/1/2022,9/30/2022,2022Q3,historical,1235427,subs,
StreamWave Entertainment,STRM,Entertainment,Global Net Added Subscribers,10/1/2022,12/31/2022,2022Q4,historical,1384496,subs,
StreamWave Entertainment,STRM,Entertainment,Global Net Added Subscribers,1/1/2023,3/31/2023,2023Q1,historical,1204368,subs,
StreamWave Entertainment,STRM,Entertainment,Global Net Added Subscribers,4/1/2023,6/30/2023,2023Q2,historical,1235734,subs,
StreamWave Entertainment,STRM,Entertainment,Global Net Added Subscribers,7/1/2023,9/30/2023,2023Q3,historical,1350819,subs,
StreamWave Entertainment,STRM,Entertainment,Global Net Added Subscribers,10/1/2023,12/31/2023,2023Q4,historical,1369648,subs,
StreamWave Entertainment,STRM,Entertainment,Global Net Added Subscribers,1/1/2024,3/31/2024,2024Q1,historical,1208308,subs,
StreamWave Entertainment,STRM,Entertainment,Global Net Added Subscribers,4/1/2024,6/30/2024,2024Q2,historical,1350255,subs,
StreamWave Entertainment,STRM,Entertainment,Global Net Added Subscribers,7/1/2024,9/30/2024,2024Q3,historical,1330266,subs,
StreamWave Entertainment,STRM,Entertainment,Global Net Added Subscribers,10/1/2024,12/31/2024,2024Q4,historical,1450176,subs,
StreamWave Entertainment,STRM,Entertainment,Global Net Added Subscribers,1/1/2025,3/31/2025,2025Q1,historical,1039710,subs,
StreamWave Entertainment,STRM,Entertainment,Global Net Added Subscribers,4/1/2025,6/30/2025,2025Q2,historical,1023791,subs,
StreamWave Entertainment,STRM,Entertainment,Global Net Added Subscribers,7/1/2025,9/30/2025,2025Q3,historical,939861,subs,
StreamWave Entertainment,STRM,Entertainment,Global Net Added Subscribers,10/1/2025,12/31/2025,2025Q4,historical,928159,subs,
StreamWave Entertainment,STRM,Entertainment,Global Net Added Subscribers,1/1/2026,3/31/2026,2026Q1,qtd,461186,subs,1/31/2026
StreamWave Entertainment,STRM,Entertainment,Global Net Added Subscribers,1/1/2026,3/31/2026,2026Q1,qtd,697727,subs,2/15/2026
StreamWave Entertainment,STRM,Entertainment,Global Net Added Subscribers,1/1/2026,3/31/2026,2026Q1,qtd,889568,subs,2/28/2026
StreamWave Entertainment,STRM,Entertainment,Global Net Added Subscribers,1/1/2026,3/31/2026,2026Q1,qtd,1131826,subs,3/15/2026
StreamWave Entertainment,STRM,Entertainment,Total Revenue ($MM),1/1/2022,3/31/2022,2022Q1,historical,472.6,$MM,
StreamWave Entertainment,STRM,Entertainment,Total Revenue ($MM),4/1/2022,6/30/2022,2022Q2,historical,476.85,$MM,
StreamWave Entertainment,STRM,Entertainment,Total Revenue ($MM),7/1/2022,9/30/2022,2022Q3,historical,546.69,$MM,
StreamWave Entertainment,STRM,Entertainment,Total Revenue ($MM),10/1/2022,12/31/2022,2022Q4,historical,673.89,$MM,
StreamWave Entertainment,STRM,Entertainment,Total Revenue ($MM),1/1/2023,3/31/2023,2023Q1,historical,488.27,$MM,
StreamWave Entertainment,STRM,Entertainment,Total Revenue ($MM),4/1/2023,6/30/2023,2023Q2,historical,551.37,$MM,
StreamWave Entertainment,STRM,Entertainment,Total Revenue ($MM),7/1/2023,9/30/2023,2023Q3,historical,566.18,$MM,
StreamWave Entertainment,STRM,Entertainment,Total Revenue ($MM),10/1/2023,12/31/2023,2023Q4,historical,720.3,$MM,
StreamWave Entertainment,STRM,Entertainment,Total Revenue ($MM),1/1/2024,3/31/2024,2024Q1,historical,536.11,$MM,
StreamWave Entertainment,STRM,Entertainment,Total Revenue ($MM),4/1/2024,6/30/2024,2024Q2,historical,594.04,$MM,
StreamWave Entertainment,STRM,Entertainment,Total Revenue ($MM),7/1/2024,9/30/2024,2024Q3,historical,638.51,$MM,
StreamWave Entertainment,STRM,Entertainment,Total Revenue ($MM),10/1/2024,12/31/2024,2024Q4,historical,789.93,$MM,
StreamWave Entertainment,STRM,Entertainment,Total Revenue ($MM),1/1/2025,3/31/2025,2025Q1,historical,700.78,$MM,
StreamWave Entertainment,STRM,Entertainment,Total Revenue ($MM),4/1/2025,6/30/2025,2025Q2,historical,819.56,$MM,
StreamWave Entertainment,STRM,Entertainment,Total Revenue ($MM),7/1/2025,9/30/2025,2025Q3,historical,902.02,$MM,
StreamWave Entertainment,STRM,Entertainment,Total Revenue ($MM),10/1/2025,12/31/2025,2025Q4,historical,1072.98,$MM,
StreamWave Entertainment,STRM,Entertainment,Total Revenue ($MM),1/1/2026,3/31/2026,2026Q1,qtd,239.37,$MM,1/31/2026
StreamWave Entertainment,STRM,Entertainment,Total Revenue ($MM),1/1/2026,3/31/2026,2026Q1,qtd,362.13,$MM,2/15/2026
StreamWave Entertainment,STRM,Entertainment,Total Revenue ($MM),1/1/2026,3/31/2026,2026Q1,qtd,461.7,$MM,2/28/2026
StreamWave Entertainment,STRM,Entertainment,Total Revenue ($MM),1/1/2026,3/31/2026,2026Q1,qtd,587.44,$MM,3/15/2026
StreamWave Entertainment,STRM,Entertainment,U.S. Net Added Subscribers,1/1/2022,3/31/2022,2022Q1,historical,345836,subs,
StreamWave Entertainment,STRM,Entertainment,U.S. Net Added Subscribers,4/1/2022,6/30/2022,2022Q2,historical,363521,subs,
StreamWave Entertainment,STRM,Entertainment,U.S. Net Added Subscribers,7/1/2022,9/30/2022,2022Q3,historical,380415,subs,
StreamWave Entertainment,STRM,Entertainment,U.S. Net Added Subscribers,10/1/2022,12/31/2022,2022Q4,historical,453366,subs,
StreamWave Entertainment,STRM,Entertainment,U.S. Net Added Subscribers,1/1/2023,3/31/2023,2023Q1,historical,391443,subs,
StreamWave Entertainment,STRM,Entertainment,U.S. Net Added Subscribers,4/1/2023,6/30/2023,2023Q2,historical,379784,subs,
StreamWave Entertainment,STRM,Entertainment,U.S. Net Added Subscribers,7/1/2023,9/30/2023,2023Q3,historical,433950,subs,
StreamWave Entertainment,STRM,Entertainment,U.S. Net Added Subscribers,10/1/2023,12/31/2023,2023Q4,historical,430858,subs,
StreamWave Entertainment,STRM,Entertainment,U.S. Net Added Subscribers,1/1/2024,3/31/2024,2024Q1,historical,395749,subs,
StreamWave Entertainment,STRM,Entertainment,U.S. Net Added Subscribers,4/1/2024,6/30/2024,2024Q2,historical,435426,subs,
StreamWave Entertainment,STRM,Entertainment,U.S. Net Added Subscribers,7/1/2024,9/30/2024,2024Q3,historical,413547,subs,
StreamWave Entertainment,STRM,Entertainment,U.S. Net Added Subscribers,10/1/2024,12/31/2024,2024Q4,historical,460959,subs,
StreamWave Entertainment,STRM,Entertainment,U.S. Net Added Subscribers,1/1/2025,3/31/2025,2025Q1,historical,321200,subs,
StreamWave Entertainment,STRM,Entertainment,U.S. Net Added Subscribers,4/1/2025,6/30/2025,2025Q2,historical,329032,subs,
StreamWave Entertainment,STRM,Entertainment,U.S. Net Added Subscribers,7/1/2025,9/30/2025,2025Q3,historical,312329,subs,
StreamWave Entertainment,STRM,Entertainment,U.S. Net Added Subscribers,10/1/2025,12/31/2025,2025Q4,historical,293323,subs,
StreamWave Entertainment,STRM,Entertainment,U.S. Net Added Subscribers,1/1/2026,3/31/2026,2026Q1,qtd,150356,subs,1/31/2026
StreamWave Entertainment,STRM,Entertainment,U.S. Net Added Subscribers,1/1/2026,3/31/2026,2026Q1,qtd,227473,subs,2/15/2026
StreamWave Entertainment,STRM,Entertainment,U.S. Net Added Subscribers,1/1/2026,3/31/2026,2026Q1,qtd,290018,subs,2/28/2026
StreamWave Entertainment,STRM,Entertainment,U.S. Net Added Subscribers,1/1/2026,3/31/2026,2026Q1,qtd,368999,subs,3/15/2026
StreamWave Entertainment,STRM,Entertainment,Units Sold,1/1/2022,3/31/2022,2022Q1,historical,34437459,units,
StreamWave Entertainment,STRM,Entertainment,Units Sold,4/1/2022,6/30/2022,2022Q2,historical,33661207,units,
StreamWave Entertainment,STRM,Entertainment,Units Sold,7/1/2022,9/30/2022,2022Q3,historical,37854612,units,
StreamWave Entertainment,STRM,Entertainment,Units Sold,10/1/2022,12/31/2022,2022Q4,historical,41202111,units,
StreamWave Entertainment,STRM,Entertainment,Units Sold,1/1/2023,3/31/2023,2023Q1,historical,35377238,units,
StreamWave Entertainment,STRM,Entertainment,Units Sold,4/1/2023,6/30/2023,2023Q2,historical,38492663,units,
StreamWave Entertainment,STRM,Entertainment,Units Sold,7/1/2023,9/30/2023,2023Q3,historical,38646051,units,
StreamWave Entertainment,STRM,Entertainment,Units Sold,10/1/2023,12/31/2023,2023Q4,historical,43516786,units,
StreamWave Entertainment,STRM,Entertainment,Units Sold,1/1/2024,3/31/2024,2024Q1,historical,37548184,units,
StreamWave Entertainment,STRM,Entertainment,Units Sold,4/1/2024,6/30/2024,2024Q2,historical,39715548,units,
StreamWave Entertainment,STRM,Entertainment,Units Sold,7/1/2024,9/30/2024,2024Q3,historical,42717285,units,
StreamWave Entertainment,STRM,Entertainment,Units Sold,10/1/2024,12/31/2024,2024Q4,historical,47431229,units,
StreamWave Entertainment,STRM,Entertainment,Units Sold,1/1/2025,3/31/2025,2025Q1,historical,40771099,units,
StreamWave Entertainment,STRM,Entertainment,Units Sold,4/1/2025,6/30/2025,2025Q2,historical,44396718,units,
StreamWave Entertainment,STRM,Entertainment,Units Sold,7/1/2025,9/30/2025,2025Q3,historical,46071420,units,
StreamWave Entertainment,STRM,Entertainment,Units Sold,10/1/2025,12/31/2025,2025Q4,historical,48904975,units,
StreamWave Entertainment,STRM,Entertainment,Units Sold,1/1/2026,3/31/2026,2026Q1,qtd,15573545,units,1/31/2026
StreamWave Entertainment,STRM,Entertainment,Units Sold,1/1/2026,3/31/2026,2026Q1,qtd,23561155,units,2/15/2026
StreamWave Entertainment,STRM,Entertainment,Units Sold,1/1/2026,3/31/2026,2026Q1,qtd,30039344,units,2/28/2026
StreamWave Entertainment,STRM,Entertainment,Units Sold,1/1/2026,3/31/2026,2026Q1,qtd,38220018,units,3/15/2026
AutoDrive Motors,ADRV,Automotive,ASP ($),1/1/2022,3/31/2022,2022Q1,historical,296.73,$,
AutoDrive Motors,ADRV,Automotive,ASP ($),4/1/2022,6/30/2022,2022Q2,historical,328.18,$,
AutoDrive Motors,ADRV,Automotive,ASP ($),7/1/2022,9/30/2022,2022Q3,historical,316.2,$,
AutoDrive Motors,ADRV,Automotive,ASP ($),10/1/2022,12/31/2022,2022Q4,historical,354.87,$,
AutoDrive Motors,ADRV,Automotive,ASP ($),1/1/2023,3/31/2023,2023Q1,historical,301.33,$,
AutoDrive Motors,ADRV,Automotive,ASP ($),4/1/2023,6/30/2023,2023Q2,historical,332.01,$,
AutoDrive Motors,ADRV,Automotive,ASP ($),7/1/2023,9/30/2023,2023Q3,historical,343.62,$,
AutoDrive Motors,ADRV,Automotive,ASP ($),10/1/2023,12/31/2023,2023Q4,historical,365.37,$,
AutoDrive Motors,ADRV,Automotive,ASP ($),1/1/2024,3/31/2024,2024Q1,historical,318.05,$,
AutoDrive Motors,ADRV,Automotive,ASP ($),4/1/2024,6/30/2024,2024Q2,historical,351.62,$,
AutoDrive Motors,ADRV,Automotive,ASP ($),7/1/2024,9/30/2024,2024Q3,historical,342.52,$,
AutoDrive Motors,ADRV,Automotive,ASP ($),10/1/2024,12/31/2024,2024Q4,historical,373.9,$,
AutoDrive Motors,ADRV,Automotive,ASP ($),1/1/2025,3/31/2025,2025Q1,historical,333.62,$,
AutoDrive Motors,ADRV,Automotive,ASP ($),4/1/2025,6/30/2025,2025Q2,historical,352.79,$,
AutoDrive Motors,ADRV,Automotive,ASP ($),7/1/2025,9/30/2025,2025Q3,historical,361.62,$,
AutoDrive Motors,ADRV,Automotive,ASP ($),10/1/2025,12/31/2025,2025Q4,historical,396.05,$,
AutoDrive Motors,ADRV,Automotive,ASP ($),1/1/2026,3/31/2026,2026Q1,qtd,404.06,$,1/31/2026
AutoDrive Motors,ADRV,Automotive,ASP ($),1/1/2026,3/31/2026,2026Q1,qtd,399.67,$,2/15/2026
AutoDrive Motors,ADRV,Automotive,ASP ($),1/1/2026,3/31/2026,2026Q1,qtd,394.16,$,2/28/2026
AutoDrive Motors,ADRV,Automotive,ASP ($),1/1/2026,3/31/2026,2026Q1,qtd,396.99,$,3/15/2026
AutoDrive Motors,ADRV,Automotive,Global Net Added Subscribers,1/1/2022,3/31/2022,2022Q1,historical,154922,subs,
AutoDrive Motors,ADRV,Automotive,Global Net Added Subscribers,4/1/2022,6/30/2022,2022Q2,historical,178028,subs,
AutoDrive Motors,ADRV,Automotive,Global Net Added Subscribers,7/1/2022,9/30/2022,2022Q3,historical,189814,subs,
AutoDrive Motors,ADRV,Automotive,Global Net Added Subscribers,10/1/2022,12/31/2022,2022Q4,historical,209045,subs,
AutoDrive Motors,ADRV,Automotive,Global Net Added Subscribers,1/1/2023,3/31/2023,2023Q1,historical,178934,subs,
AutoDrive Motors,ADRV,Automotive,Global Net Added Subscribers,4/1/2023,6/30/2023,2023Q2,historical,206507,subs,
AutoDrive Motors,ADRV,Automotive,Global Net Added Subscribers,7/1/2023,9/30/2023,2023Q3,historical,211512,subs,
AutoDrive Motors,ADRV,Automotive,Global Net Added Subscribers,10/1/2023,12/31/2023,2023Q4,historical,217665,subs,
AutoDrive Motors,ADRV,Automotive,Global Net Added Subscribers,1/1/2024,3/31/2024,2024Q1,historical,185820,subs,
AutoDrive Motors,ADRV,Automotive,Global Net Added Subscribers,4/1/2024,6/30/2024,2024Q2,historical,202901,subs,
AutoDrive Motors,ADRV,Automotive,Global Net Added Subscribers,7/1/2024,9/30/2024,2024Q3,historical,213594,subs,
AutoDrive Motors,ADRV,Automotive,Global Net Added Subscribers,10/1/2024,12/31/2024,2024Q4,historical,240053,subs,
AutoDrive Motors,ADRV,Automotive,Global Net Added Subscribers,1/1/2025,3/31/2025,2025Q1,historical,205401,subs,
AutoDrive Motors,ADRV,Automotive,Global Net Added Subscribers,4/1/2025,6/30/2025,2025Q2,historical,222594,subs,
AutoDrive Motors,ADRV,Automotive,Global Net Added Subscribers,7/1/2025,9/30/2025,2025Q3,historical,221099,subs,
AutoDrive Motors,ADRV,Automotive,Global Net Added Subscribers,10/1/2025,12/31/2025,2025Q4,historical,235987,subs,
AutoDrive Motors,ADRV,Automotive,Global Net Added Subscribers,1/1/2026,3/31/2026,2026Q1,qtd,116632,subs,1/31/2026
AutoDrive Motors,ADRV,Automotive,Global Net Added Subscribers,1/1/2026,3/31/2026,2026Q1,qtd,172815,subs,2/15/2026
AutoDrive Motors,ADRV,Automotive,Global Net Added Subscribers,1/1/2026,3/31/2026,2026Q1,qtd,225459,subs,2/28/2026
AutoDrive Motors,ADRV,Automotive,Global Net Added Subscribers,1/1/2026,3/31/2026,2026Q1,qtd,281542,subs,3/15/2026
AutoDrive Motors,ADRV,Automotive,Total Revenue ($MM),1/1/2022,3/31/2022,2022Q1,historical,237.82,$MM,
AutoDrive Motors,ADRV,Automotive,Total Revenue ($MM),4/1/2022,6/30/2022,2022Q2,historical,285.42,$MM,
AutoDrive Motors,ADRV,Automotive,Total Revenue ($MM),7/1/2022,9/30/2022,2022Q3,historical,289.33,$MM,
AutoDrive Motors,ADRV,Automotive,Total Revenue ($MM),10/1/2022,12/31/2022,2022Q4,historical,338.89,$MM,
AutoDrive Motors,ADRV,Automotive,Total Revenue ($MM),1/1/2023,3/31/2023,2023Q1,historical,260.79,$MM,
AutoDrive Motors,ADRV,Automotive,Total Revenue ($MM),4/1/2023,6/30/2023,2023Q2,historical,314.46,$MM,
AutoDrive Motors,ADRV,Automotive,Total Revenue ($MM),7/1/2023,9/30/2023,2023Q3,historical,325.94,$MM,
AutoDrive Motors,ADRV,Automotive,Total Revenue ($MM),10/1/2023,12/31/2023,2023Q4,historical,398.36,$MM,
AutoDrive Motors,ADRV,Automotive,Total Revenue ($MM),1/1/2024,3/31/2024,2024Q1,historical,281.6,$MM,
AutoDrive Motors,ADRV,Automotive,Total Revenue ($MM),4/1/2024,6/30/2024,2024Q2,historical,359.12,$MM,
AutoDrive Motors,ADRV,Automotive,Total Revenue ($MM),7/1/2024,9/30/2024,2024Q3,historical,357.81,$MM,
AutoDrive Motors,ADRV,Automotive,Total Revenue ($MM),10/1/2024,12/31/2024,2024Q4,historical,411.15,$MM,
AutoDrive Motors,ADRV,Automotive,Total Revenue ($MM),1/1/2025,3/31/2025,2025Q1,historical,324.91,$MM,
AutoDrive Motors,ADRV,Automotive,Total Revenue ($MM),4/1/2025,6/30/2025,2025Q2,historical,400.03,$MM,
AutoDrive Motors,ADRV,Automotive,Total Revenue ($MM),7/1/2025,9/30/2025,2025Q3,historical,420.26,$MM,
AutoDrive Motors,ADRV,Automotive,Total Revenue ($MM),10/1/2025,12/31/2025,2025Q4,historical,471.11,$MM,
AutoDrive Motors,ADRV,Automotive,Total Revenue ($MM),1/1/2026,3/31/2026,2026Q1,qtd,232.12,$MM,1/31/2026
AutoDrive Motors,ADRV,Automotive,Total Revenue ($MM),1/1/2026,3/31/2026,2026Q1,qtd,343.94,$MM,2/15/2026
AutoDrive Motors,ADRV,Automotive,Total Revenue ($MM),1/1/2026,3/31/2026,2026Q1,qtd,448.71,$MM,2/28/2026
AutoDrive Motors,ADRV,Automotive,Total Revenue ($MM),1/1/2026,3/31/2026,2026Q1,qtd,560.32,$MM,3/15/2026
AutoDrive Motors,ADRV,Automotive,U.S. Net Added Subscribers,1/1/2022,3/31/2022,2022Q1,historical,66505,subs,
AutoDrive Motors,ADRV,Automotive,U.S. Net Added Subscribers,4/1/2022,6/30/2022,2022Q2,historical,72974,subs,
AutoDrive Motors,ADRV,Automotive,U.S. Net Added Subscribers,7/1/2022,9/30/2022,2022Q3,historical,82841,subs,
AutoDrive Motors,ADRV,Automotive,U.S. Net Added Subscribers,10/1/2022,12/31/2022,2022Q4,historical,85629,subs,
AutoDrive Motors,ADRV,Automotive,U.S. Net Added Subscribers,1/1/2023,3/31/2023,2023Q1,historical,74142,subs,
AutoDrive Motors,ADRV,Automotive,U.S. Net Added Subscribers,4/1/2023,6/30/2023,2023Q2,historical,88421,subs,
AutoDrive Motors,ADRV,Automotive,U.S. Net Added Subscribers,7/1/2023,9/30/2023,2023Q3,historical,88808,subs,
AutoDrive Motors,ADRV,Automotive,U.S. Net Added Subscribers,10/1/2023,12/31/2023,2023Q4,historical,93622,subs,
AutoDrive Motors,ADRV,Automotive,U.S. Net Added Subscribers,1/1/2024,3/31/2024,2024Q1,historical,80057,subs,
AutoDrive Motors,ADRV,Automotive,U.S. Net Added Subscribers,4/1/2024,6/30/2024,2024Q2,historical,86316,subs,
AutoDrive Motors,ADRV,Automotive,U.S. Net Added Subscribers,7/1/2024,9/30/2024,2024Q3,historical,91071,subs,
AutoDrive Motors,ADRV,Automotive,U.S. Net Added Subscribers,10/1/2024,12/31/2024,2024Q4,historical,99633,subs,
AutoDrive Motors,ADRV,Automotive,U.S. Net Added Subscribers,1/1/2025,3/31/2025,2025Q1,historical,89359,subs,
AutoDrive Motors,ADRV,Automotive,U.S. Net Added Subscribers,4/1/2025,6/30/2025,2025Q2,historical,95741,subs,
AutoDrive Motors,ADRV,Automotive,U.S. Net Added Subscribers,7/1/2025,9/30/2025,2025Q3,historical,93661,subs,
AutoDrive Motors,ADRV,Automotive,U.S. Net Added Subscribers,10/1/2025,12/31/2025,2025Q4,historical,101323,subs,
AutoDrive Motors,ADRV,Automotive,U.S. Net Added Subscribers,1/1/2026,3/31/2026,2026Q1,qtd,49397,subs,1/31/2026
AutoDrive Motors,ADRV,Automotive,U.S. Net Added Subscribers,1/1/2026,3/31/2026,2026Q1,qtd,73192,subs,2/15/2026
AutoDrive Motors,ADRV,Automotive,U.S. Net Added Subscribers,1/1/2026,3/31/2026,2026Q1,qtd,95488,subs,2/28/2026
AutoDrive Motors,ADRV,Automotive,U.S. Net Added Subscribers,1/1/2026,3/31/2026,2026Q1,qtd,119242,subs,3/15/2026
AutoDrive Motors,ADRV,Automotive,Units Sold,1/1/2022,3/31/2022,2022Q1,historical,801487,units,
AutoDrive Motors,ADRV,Automotive,Units Sold,4/1/2022,6/30/2022,2022Q2,historical,869727,units,
AutoDrive Motors,ADRV,Automotive,Units Sold,7/1/2022,9/30/2022,2022Q3,historical,915000,units,
AutoDrive Motors,ADRV,Automotive,Units Sold,10/1/2022,12/31/2022,2022Q4,historical,954963,units,
AutoDrive Motors,ADRV,Automotive,Units Sold,1/1/2023,3/31/2023,2023Q1,historical,865480,units,
AutoDrive Motors,ADRV,Automotive,Units Sold,4/1/2023,6/30/2023,2023Q2,historical,947131,units,
AutoDrive Motors,ADRV,Automotive,Units Sold,7/1/2023,9/30/2023,2023Q3,historical,948557,units,
AutoDrive Motors,ADRV,Automotive,Units Sold,10/1/2023,12/31/2023,2023Q4,historical,1090288,units,
AutoDrive Motors,ADRV,Automotive,Units Sold,1/1/2024,3/31/2024,2024Q1,historical,885373,units,
AutoDrive Motors,ADRV,Automotive,Units Sold,4/1/2024,6/30/2024,2024Q2,historical,1021325,units,
AutoDrive Motors,ADRV,Automotive,Units Sold,7/1/2024,9/30/2024,2024Q3,historical,1044652,units,
AutoDrive Motors,ADRV,Automotive,Units Sold,10/1/2024,12/31/2024,2024Q4,historical,1099629,units,
AutoDrive Motors,ADRV,Automotive,Units Sold,1/1/2025,3/31/2025,2025Q1,historical,973878,units,
AutoDrive Motors,ADRV,Automotive,Units Sold,4/1/2025,6/30/2025,2025Q2,historical,1133895,units,
AutoDrive Motors,ADRV,Automotive,Units Sold,7/1/2025,9/30/2025,2025Q3,historical,1162183,units,
AutoDrive Motors,ADRV,Automotive,Units Sold,10/1/2025,12/31/2025,2025Q4,historical,1189526,units,
AutoDrive Motors,ADRV,Automotive,Units Sold,1/1/2026,3/31/2026,2026Q1,qtd,589948,units,1/31/2026
AutoDrive Motors,ADRV,Automotive,Units Sold,1/1/2026,3/31/2026,2026Q1,qtd,874131,units,2/15/2026
AutoDrive Motors,ADRV,Automotive,Units Sold,1/1/2026,3/31/2026,2026Q1,qtd,1140411,units,2/28/2026
AutoDrive Motors,ADRV,Automotive,Units Sold,1/1/2026,3/31/2026,2026Q1,qtd,1424094,units,3/15/2026
